fd15b87d-6537-4141-8107-a5db53aa382f,А.Ф. Девриен,Secured encompassing architecture,1923,smiller@young.biz,+7 (901) 651-10-92
e80b2fe1-6912-417d-8e9d-c3836a28e575,М.Н. Слепцова,Fundamental 24hour parallelism,1906,nbarnes@goodwin-huang.biz,+7 (978) 603-78-11
e6920cd6-7afa-4af2-8e03-396e85f04491,Corpus,Advanced local algorithm,1875,ellenmiller@white.com,+7 (908) 297-23-34
e43f1cd3-5f7f-4f8f-a611-038b7694fa70,Альпина нон-фикшн,Vision-oriented well-modulated intranet,1910,sean66@johnson-allen.com,+7 (906) 982-49-65
ae5410fd-987c-4f19-b63c-5b5f9bcccbd9,ОГИЗ,Robust stable forecast,2018,kcopeland@murphy.com,+7 (959) 172-35-87
783d4b54-4590-4a47-90b8-4699bbb80cf3,"Манн, Иванов и Фербер",Distributed dedicated success,1868,burnsroger@hawkins.org,+7 (982) 741-89-74
625c4859-2c4f-4716-a850-4bb93d3107ae,Политехнический музей,Stand-alone radical concept,1991,fstrickland@conway-cordova.com,+7 (998) 846-15-16
1f8581d1-a160-40e3-915c-9e4cfedd67dd,Новое литературное обозрение,Adaptive methodical toolset,2015,ncooper@mckay-malone.com,+7 (961) 936-96-72
2db9ffdb-04aa-4bc0-8d18-fe0490d4f5ca,АСТ,Compatible tangible forecast,1992,richard68@martin.com,+7 (934) 785-90-41
d28a783f-21f2-4b5b-be1d-94e3b2d597d0,Бомбора,Open-source directional website,1961,iscott@nichols-banks.com,+7 (932) 819-91-48
d4464161-3cdd-4aa4-8540-4d6f3e08ee68,Кладезь,Compatible full-range flexibility,1958,ashleyfrazier@davis.biz,+7 (944) 158-89-39
627c8ea2-b8fc-4bf9-8412-76218dadddd5,Альпина Паблишер,User-centric tertiary adapter,1908,allenheather@fuller.com,+7 (982) 881-40-30
a429a7b2-13e8-4eae-a29d-64db9981d4e0,Ад Маргинем Пресс,Polarized intangible support,1853,masoneric@watson.com,+7 (970) 806-58-39
ea89eeae-34c6-4a42-a0c0-7d00faef00d7,Юрайт,Future-proofed dynamic functionalities,2007,ginacarrillo@mullins.org,+7 (910) 297-67-48
f4dedd2a-18cb-43c3-b0d9-c8331a3b1b7d,Династия,Seamless intangible Local Area Network,1948,rodgerskyle@dawson.com,+7 (951) 279-50-99
66f5da07-a94b-4da1-ae39-f7b2d7619826,Э,Customizable local website,1953,jamessmith@leonard-parker.com,+7 (993) 250-37-30
09844adc-614e-439f-b7c7-6dc72f974fdb,ОГИ,Pre-emptive logistical contingency,1995,aramirez@barnett-tapia.biz,+7 (924) 454-78-25
7ec7c7ee-df7a-4393-8a4b-919e626dfbb8,Синодальная типография,Open-architected 24/7 moderator,1859,anthonyhill@williams.info,+7 (974) 644-88-32
380bcc1d-1c1a-4224-96b9-cc21366e4228,Blond Educational,Public-key empowering methodology,2005,jonesdan@monroe.com,+7 (949) 839-88-67
17d4b856-1ab1-47c7-9b30-7284ec48ea60,В.Л. Богушевский,Mandatory value-added time-frame,1956,jonesjerry@harris-lambert.com,+7 (914) 362-19-91
dc3237e0-c939-4ae1-bcda-f636c6f17d2a,ИНФРА-М,Robust uniform Graphical User Interface,1970,lisamcconnell@stevens.com,+7 (930) 891-34-87
2fa57b8e-5f7f-4da0-8f44-bdf8d5cd7b3c,Центрполиграф,Operative system-worthy complexity,2012,shanemarquez@turner.com,+7 (908) 142-96-98
765ab93f-c42c-40c6-9c5f-7ce0a86c388a,URSS,Configurable clear-thinking frame,1937,thaynes@griffin.org,+7 (933) 600-33-51
9fe40ebd-db60-4196-bce3-605991c7bccc,Мир,Open-architected contextually-based projection,1973,tara85@willis.org,+7 (941) 339-45-33
0dc5e51c-b657-484e-9f9f-fa6f3ba05e33,ДМК Пресс,Front-line eco-centric system engine,2001,michael82@gonzalez.com,+7 (967) 441-58-85
788ff01e-453d-4163-8020-77707ad94b8d,ЮНИТИ,Fundamental actuating core,2003,pamelakramer@butler.com,+7 (985) 841-42-99
4d9d7012-642c-407f-bce2-c61cb76a7cc6,Государственное учебно-педагогическое издательство,Multi-tiered object-oriented analyzer,2022,villamichael@sanders.org,+7 (954) 415-60-64
bc9d9d56-7914-4b1e-b520-d3abe4744e90,Наука и школа,Profit-focused full-range parallelism,1888,hcooper@wilkins.net,+7 (910) 811-89-27
97e073c1-28ca-41f5-9808-dd21de1654a2,Начатки знаний,Mandatory optimal methodology,2014,kthompson@anderson.com,+7 (950) 193-90-18
d18d92a1-7ae7-48f1-bba5-14cd3bbe4a2d,Изд-во МЦНМО,Profit-focused logistical adapter,2020,amanda68@roy-taylor.org,+7 (949) 923-76-35
351d62cc-be56-4c48-8ee6-884674deb610,ЛЕНАНД,Face-to-face zero-defect access,1909,marybennett@evans.biz,+7 (933) 532-28-37
70735983-0407-4a4f-b76a-0de4a8342192,МЦНМО,Balanced composite projection,1971,mjenkins@thompson-miller.com,+7 (974) 327-31-39
70f3e0ca-7836-43d1-9ef8-02b5630de5cd,Институт компьютерных исследований,Down-sized optimal middleware,1923,lambdaniel@willis-allen.com,+7 (921) 263-56-43
1fcf1d5b-14a1-482d-8dee-fea586b9e651,Кнорус,Enterprise-wide upward-trending knowledge user,1957,emolina@gibson.com,+7 (934) 344-99-33
3e2478fc-e7e0-4d2e-9b00-0204fe19f5f4,КНОРУС,Compatible web-enabled groupware,1861,turnergeoffrey@russell.com,+7 (939) 406-61-28
ad20b2d5-3265-4e0b-a0d6-fcf3222e769a,Наука,Diverse contextually-based orchestration,1891,sjohnson@ruiz.com,+7 (933) 317-64-98
3667ef1e-df4d-460c-bea1-4ffba997b5bf,Физический факультет МГУ,Diverse client-server installation,1864,tiffanytaylor@smith.com,+7 (974) 469-35-40
6fe7f8aa-a9d4-441b-8580-248943fa30a5,USSR,Open-architected dynamic model,1952,dbrown@barber.com,+7 (918) 939-62-21
457d783c-9a98-4fb6-b2e7-6cb7bb663d16,ЛИБРОКОМ,Proactive bottom-line support,2013,kinglori@dominguez.com,+7 (964) 860-80-69
5f44b1ee-464f-4c33-887d-b3fd59cd65c3,Бюро Квантум,Phased holistic moderator,1861,cynthiacrawford@flores-bass.com,+7 (984) 447-31-67
81f0761a-7c5e-4c59-8863-12cd5d51ec85,ФИЗМАТЛИТ,Integrated user-facing archive,1870,michellemoore@solis-oneill.com,+7 (977) 700-49-84
76911af1-120b-45e8-a803-d5fb0bbb2209,"URSS, ЛЕНАНД",Cross-group uniform analyzer,1968,nfrank@roberson.info,+7 (972) 988-92-11
86c8c511-2cc8-4ed4-9d70-df855a7bc5a4,Издательство Ленинградского Университета,Robust discrete monitoring,1945,walkertroy@fisher.com,+7 (988) 821-47-16
7d033113-b135-4de6-b5c0-1680f6087012,Высшая школа,Secured needs-based function,1969,stephaniecombs@smith.info,+7 (964) 678-51-56
65336e48-3fd1-4b9f-8836-3d03f23adcbd,Вузовская книга,Profit-focused content-based architecture,1868,robertreed@haas.net,+7 (976) 245-29-39
4191095f-548f-4c27-9454-f4eb1f677b4b,Спутник+,Programmable non-volatile hub,1859,scott40@barnett.org,+7 (917) 897-99-29
75f5eeae-0854-40f9-aca2-b253c959ca80,Высш. шк.,Configurable local encryption,1914,john76@rogers.com,+7 (935) 214-84-77
3cd6f450-395a-451b-b4cc-05d83bfc21ef,Изд-во МГУ,Extended uniform core,1867,wadevictoria@reed.com,+7 (983) 689-15-55
b1cd0842-7b0f-4418-ae24-dc455790dd02,Физматлит,Balanced zero-defect projection,1899,howardnicole@torres.com,+7 (936) 765-35-15
69d5031d-2534-4676-8c4e-ed5d0dc09945,"НИЯУ ""МИФИ""",Customer-focused background info-mediaries,1943,christyrogers@davis.info,+7 (958) 317-57-32
055f87b8-85cf-4db8-ba7c-034ec00681ba,Знание,Multi-lateral holistic analyzer,1968,whitechloe@wilson-evans.net,+7 (943) 712-81-75
25e78a76-84b5-4b47-bbc9-d1c34eab4a53,Эксмо,Reactive motivating approach,1943,brianbuck@perkins.com,+7 (934) 564-50-57
93c2db2b-e05f-4d27-8b89-b12673fc1ced,Издательский дом Высшей школы экономики,Mandatory context-sensitive portal,1999,william47@smith.biz,+7 (949) 176-38-65
d3d74f82-ac14-494b-abe3-f728cec72aca,"Альпина, Альпина нон-фикшн",Distributed high-level workforce,2000,ellenhancock@long.info,+7 (904) 647-43-47
e5695826-436e-4e00-aba4-d7fcabbd7766,КоЛибри,Reverse-engineered multi-state synergy,1933,gregorycastaneda@solomon.com,+7 (912) 248-86-50
e7ea03b9-35e2-48cc-9be7-99dabc6d1d84,Портал,Devolved high-level intranet,1946,vfernandez@smith.com,+7 (987) 172-71-17
ba5a614d-aa2a-4b7b-813b-80bc80c109f8,Либроком,Reactive exuding migration,1858,daviskenneth@nguyen.com,+7 (921) 974-99-51
54c7548f-b278-4162-b2b9-2937bee34185,Дискурс,Multi-channeled didactic complexity,1944,davidsonmichael@velasquez-johnson.net,+7 (921) 496-18-79
56ca71a3-1b70-47a3-8b00-75d92d167e04,УРСС,Re-engineered bi-directional forecast,1987,dcardenas@wells.com,+7 (905) 409-10-63
5b353baa-c5c8-4fe4-b721-74151493045a,Изд-во МГТУ им. H.Э. Баумана,Open-architected background product,1950,paul20@scott.com,+7 (996) 573-32-64
42b058e5-667b-48a2-aaab-9c81928352a1,Бослен,Multi-channeled global Internet solution,1920,colemandonna@webster.info,+7 (967) 406-12-36
6ffa75a6-e378-4064-90c4-979905cc1311,Изд-во МГТУ,Polarized uniform algorithm,1975,daryl45@kelly.com,+7 (991) 463-99-20
b6800db6-3e40-4721-9d1d-d04e61b0dac6,изд-во ЛКИ,Assimilated contextually-based capability,1944,obrienpatrick@gonzalez.com,+7 (981) 435-54-50
d60dfe53-dcc5-4a5c-a306-af7c9fd562bc,Радио и связь,Persevering clear-thinking emulation,1915,ymosley@garcia.com,+7 (920) 673-94-14
380a6112-1277-40ed-bec7-accb67fb580d,Моск. рабочий,Operative interactive task-force,1921,hyoung@mullins.com,+7 (919) 219-18-47
39267790-6ede-4d42-8e4f-e2b8a11bded8,РИПОЛ классик,Programmable dedicated ability,1935,smiles@price-jordan.com,+7 (940) 657-67-69
66579c9b-bbae-42f6-afcd-392c82370044,Педагогика,Ergonomic homogeneous matrices,1975,phillipscaroline@franklin-taylor.org,+7 (943) 411-47-47
fb5c92b6-0e24-4548-8e96-87b4f51acbf3,Наукова думка,Reactive clear-thinking contingency,1875,matthew30@gonzalez.biz,+7 (922) 622-55-86
a1f61a23-3c0f-465a-9d40-7c236aae488b,ЛЕЛАНД,Total directional hierarchy,1948,thomasdaniel@johnson-rose.com,+7 (932) 676-47-66
3e00c360-3022-4c7c-8da5-4739760709b5,Металлургия,Streamlined asynchronous application,1930,batesmargaret@robinson.org,+7 (981) 255-47-84
ec6f3b8e-536f-40d6-9797-6b3b879de94e,Энергия,Virtual coherent software,1935,sandra04@harris.net,+7 (962) 780-88-59
19ba9d06-8694-42bb-ae03-93ae427bd661,"АСТ, Corpus",Reverse-engineered solution-oriented forecast,1918,kcastillo@gonzalez.com,+7 (925) 268-55-75
16c2f53a-c0ad-43a8-8ce7-5f91cd2554fc,Лань,Multi-channeled explicit contingency,1860,tkeith@johnson.com,+7 (997) 571-93-15
bb2d5c60-d872-42ec-b245-e32fb185e4bc,Белый город,Progressive intermediate customer loyalty,1973,melinda86@king.org,+7 (902) 567-12-67
16f373e0-581b-4c02-bd0e-fa4532b471a6,Bordas,Fully-configurable heuristic matrix,1919,bakerjennifer@garcia-zamora.com,+7 (989) 438-17-61
54e25720-73b8-497d-ae9c-52721fed43f9,Mlada Fronta,Mandatory local website,2019,hallcrystal@williams.com,+7 (987) 460-77-42
5df06ba4-f0d9-4514-b88e-5079c2c2d225,Астрель,Multi-tiered 4thgeneration info-mediaries,1886,christina55@miller-patel.net,+7 (919) 235-69-11
c9460445-e42d-4451-92bf-ea737377a358,Слово,Ergonomic modular support,1905,wolfecody@martin.com,+7 (903) 292-56-30
57a04257-0f75-4bd6-b746-720f341f94a4,Космосинформ,Mandatory 4thgeneration process improvement,1947,klinebrittany@hernandez.biz,+7 (906) 656-43-28
399c90cc-e2d2-48f7-8bc7-cedb27f09a9f,Голос,Multi-channeled value-added application,1872,johnathanherman@spencer.net,+7 (981) 624-95-16
522b1bd6-4dc8-41c3-b1ee-a875a1e53ad3,"Студия ""Диафильм"" Госкино СССР",Vision-oriented tangible Internet solution,2009,kathymclean@long.net,+7 (914) 729-69-57
ad5bd4e7-6ba9-405e-898d-286c89107701,BESTIARY,Self-enabling high-level intranet,2010,cglover@tran.com,+7 (960) 360-17-93
20862263-3fa5-4c9a-8b05-785a7a60bf80,Бертельсманн Медиа Москау,Progressive reciprocal function,1903,gary06@beard.net,+7 (934) 563-79-24
77d0d2f2-fd22-45e8-8740-bd3a08fff5bb,Saunders College Publishing,Down-sized 24/7 Graphical User Interface,1937,fosterkenneth@mason.com,+7 (984) 552-43-13
eccfb692-03c2-489c-b474-dd9a184de220,Аванта,Advanced scalable monitoring,1998,ian35@cole-gomez.biz,+7 (998) 301-65-26
403a36a9-5eb3-4ccf-a537-2372fe2ce407,AENIGMA,Operative next generation collaboration,1863,jowens@curtis.com,+7 (918) 632-18-53
cc932708-f8eb-40f6-b2f5-7ad1ad46de48,Oxford University Press,Fully-configurable heuristic hardware,1884,scott86@forbes.info,+7 (905) 341-43-59
a95ce336-ea56-43d1-8813-b1d837a9cac9,БХВ-Петербург,Extended reciprocal initiative,1948,jeffrey12@rodriguez-villegas.biz,+7 (992) 533-93-23
f7fb5e3d-dfe1-4690-83b6-25b2646e7f22,Химия,Balanced national application,1953,russellshelton@cooper.biz,+7 (996) 339-19-82
3d595293-a499-47b5-bf7b-3cf450a5702e,Просвещение,Stand-alone heuristic pricing structure,2012,scottjulia@long.org,+7 (954) 772-98-58
2cb93fd3-aab9-4f27-ad6d-191f89e20304,РИОР,Inverse zero administration customer loyalty,1863,agray@miller-gibson.org,+7 (932) 922-28-36
128eeb7c-1eb2-4a47-a111-20a16d303be5,Сов. Россия,Programmable logistical paradigm,1941,nichole21@chan.com,+7 (950) 657-18-48
b858b084-1844-4489-bd7f-a1b0a6a04521,Химия. Ленинградское отделение,Synergistic hybrid budgetary management,1966,oliviacrawford@parsons.biz,+7 (949) 228-27-59
3b1bf1ca-88fc-412e-a733-638a2d9afc70,Легпромбытиздат,Advanced asynchronous service-desk,1870,mccalljay@rosario-lawson.com,+7 (922) 306-27-30
33a92f63-ab10-4bb7-ba04-ea8c06aba6c6,Volk und Welt,Face-to-face content-based benchmark,1927,bookeremily@bond.net,+7 (931) 447-75-90
4201eaba-c2a9-4991-9de5-798e87fc3f9a,TAB BOOKS,Enhanced hybrid policy,1891,renee01@zimmerman.com,+7 (974) 331-58-41
fb22e0e7-28a2-42eb-94aa-afb254573636,Hilton Educational Publ.,Cross-group dynamic alliance,1870,randalldeanna@wilson.com,+7 (961) 738-23-81
23c7423a-5f07-45b0-854d-d9c9eb278c46,Raduga,Customer-focused clear-thinking budgetary management,2022,susan92@davenport.biz,+7 (991) 514-44-36
72d6b2e1-6cc3-417a-b4ac-332da7c547e8,Allen and Unwin,Organic asymmetric open architecture,1902,yjackson@clarke-fletcher.net,+7 (908) 167-37-91
5f48a833-0112-4496-8d02-04a87ec0ce3c,Недра,User-centric foreground software,1987,steven87@moran.com,+7 (969) 681-49-66
1261d590-d83e-40e1-8ed6-d9a7e2e7847b,Союз,Sharable homogeneous task-force,1981,amy97@wright-boyd.info,+7 (912) 987-34-46
47f18b10-8dd2-4b60-8260-79d0c998aefb,Альпина ПРО,Versatile high-level methodology,1900,vgalvan@smith.com,+7 (999) 406-17-41
ce70e65b-4e0b-43e8-9531-8841e76fbc63,Альпина нон-фикш,Reactive asynchronous standardization,1884,mosesbrent@robinson.biz,+7 (942) 592-34-21
2b2a35aa-1332-42ec-b1f7-fa7f861ddc69,РАН,Up-sized interactive application,1899,courtney36@ryan-mendez.com,+7 (923) 236-87-67
c4bc8728-aa8e-46fe-ad0d-178de9e3bea0,Time-Life Books,Programmable 24/7 infrastructure,2021,cheyennewalker@hunt.biz,+7 (973) 380-23-74
47cb80a6-fada-47be-a1b8-2e9f8db3d713,Ediciones de la Presidencia de la Republica,Multi-channeled uniform info-mediaries,2018,pelliott@evans.com,+7 (966) 820-54-92
814da5b7-31f0-4f1c-8091-c1a9f40458c1,Дашков и К`,Compatible encompassing implementation,1855,bradleyshari@banks.org,+7 (932) 781-43-20
732f8c9b-dc6a-4461-ad97-60d58cac87cf,Bloomsbury Press,Monitored logistical interface,1918,meredithpineda@hill-house.info,+7 (946) 993-37-46
b2a69b44-7944-4d1b-b842-c6f9982e8c56,Granta Books,Organized radical analyzer,2014,matthew30@conway.org,+7 (976) 470-90-54
0501a8a4-3f19-4f38-b70b-ff816c529f85,Basic Books,Inverse scalable database,1906,lopezchristopher@manning.org,+7 (907) 633-75-46
86ef55dd-77ea-40f8-9b10-e14815ceaf69,Проспект,Ameliorated leadingedge portal,1953,hamiltonteresa@silva.net,+7 (965) 753-52-79
062ac7cf-ce1d-418a-970d-7f3ca1117bdc,Недра. Ленинградское отделение,Vision-oriented intermediate core,1923,erinmorales@prince.net,+7 (921) 341-45-93
6fd46217-8281-4b5f-9983-f20dfd90efd0,[б. и.],Function-based 24hour groupware,1986,wbrandt@sweeney.com,+7 (905) 749-39-47
81f3f9c6-a636-4d57-b97a-fca3afa47873,Наука. Сибирское отделение,Operative background installation,1968,vreynolds@braun-powell.com,+7 (922) 906-63-43
36e6f9a8-c062-4909-895e-4a92edb871fc,АНФ,Profound multi-state utilization,1862,nicole47@richardson.biz,+7 (988) 630-13-60
00870bfd-6e1d-4d8a-bbcc-daf24a6ce6cb,Инфра-М,Phased asynchronous paradigm,1911,uwilliams@brooks.info,+7 (976) 264-33-87
363bdba0-93fd-4185-bd4e-d9bb073a4cfc,МГУ,Synergistic coherent architecture,1853,achambers@mccormick.com,+7 (952) 516-38-79
b8acf403-0537-4d82-8cd2-05d810e4b631,Судостроение,Organic user-facing success,2019,julie24@brown-donovan.com,+7 (960) 631-63-41
1490095e-d463-4619-86cc-e0eff5a656f0,Мектеп,Customer-focused regional task-force,1936,pmorris@young.com,+7 (976) 450-71-98
0baf1426-3883-4c40-a581-5d770eff4ce3,Изд. географ. заведения А. Ильина,Inverse heuristic workforce,1968,davidshepherd@spencer.info,+7 (904) 806-89-47
5cc9c73f-a625-4120-ac59-9a93cfaf6425,Sport i tyrystyka,Multi-lateral incremental framework,1991,brandongonzalez@alexander-cortez.com,+7 (973) 377-26-43
2184b370-2a5c-4e63-8c05-7d246189f90a,Strombus Naturverlag Kamenz,Monitored human-resource firmware,1911,joseph40@stone-williams.com,+7 (945) 584-50-29
3894bd40-ab95-4731-a043-2598009c245a,б. и.,Stand-alone clear-thinking hub,1995,matthew12@johnson.com,+7 (992) 203-37-47
7dd071be-2b01-4734-ba15-6f1035dfef93,Альпина нон-фикшен,Exclusive modular knowledge user,1865,michael57@patterson.net,+7 (928) 685-11-78
ba29bbb0-f62d-4847-afe5-890516661a3e,Рос. ун-т Дружбы народов,Balanced scalable initiative,1951,melissamora@martin.org,+7 (950) 311-66-77
b3b327ae-66e3-40ea-b64a-54062de09c60,Новая Волна,Persistent heuristic info-mediaries,1934,christopherbryant@brown-russell.info,+7 (951) 769-52-15
835910b7-4306-469b-88ed-3af4050d6dff,Лаборатория знаний,Assimilated real-time project,1889,lori34@moore.com,+7 (945) 285-21-86
07299d31-59a3-42b3-b18c-38fb7f0d49ec,Ломоносовъ,Virtual systematic task-force,1895,martinezian@fernandez-hines.biz,+7 (952) 564-35-81
acaf2fbc-9187-4be4-8993-7aa27d9f1068,Бином. Лаборатория знаний,Switchable discrete secured line,1886,danielpatel@johnson.com,+7 (920) 810-38-25
938da037-60b2-447c-b51e-834c599d9fd5,СОТИС,Digitized fresh-thinking migration,2014,summer65@hayes.net,+7 (954) 951-59-81
89ad58fe-30bd-46d6-bdea-815985345d5a,Вузовский учебник,Reduced intangible emulation,1962,higginshannah@gilbert-key.com,+7 (900) 162-19-44
6244133c-2ca7-4579-8936-40e7aebd1c8d,Феникс,Centralized reciprocal projection,2006,alexanderguerrero@taylor.com,+7 (999) 553-79-13
e7a2eae6-dfc8-4bc6-ae99-85f9141ffb94,Агенство печати Новости,Down-sized 5thgeneration solution,2000,david19@allison-smith.com,+7 (987) 702-19-36
992c95f0-3c93-417e-9f03-31130cf60a48,ЦС АГО,Switchable web-enabled complexity,1983,swilliams@montoya.com,+7 (907) 740-69-92
b24af120-5778-4a72-a03b-7cc44fef885a,Буки Веди,Fundamental attitude-oriented implementation,2012,arnoldrebecca@gonzalez-wilson.com,+7 (964) 467-10-76
0e4a7128-ac12-440a-b9a8-a6b4b25d99ba,CORPUS,Decentralized human-resource database,2007,millerthomas@rubio.com,+7 (980) 282-11-36
40ad9593-6248-42dc-877e-70f5fa638d1d,Паулсен,User-centric methodical synergy,1945,hardingmaureen@schmidt-gomez.com,+7 (973) 786-95-62
77b7bc7f-a187-46ec-ad12-4d6ff4c0cff5,Товарищество научных изданий КМК,Sharable web-enabled firmware,1941,mikaylamclean@jackson-calderon.com,+7 (977) 411-59-50
a2bc3b93-67cd-47ad-a599-ab6171694de0,Агропромиздат,Intuitive actuating methodology,2012,munozrandy@maxwell.com,+7 (918) 999-29-54
1184fea9-4c24-43d4-a459-08540fe7fdcf,Академия,Face-to-face holistic throughput,1980,collinstraci@gonzalez-taylor.com,+7 (956) 250-12-46
a7e30f12-ab84-4b64-b977-80c6ccaaf055,"Наука, Американский институт аэронавтики и астронавтики",Sharable analyzing application,1921,millerkatelyn@meadows-richardson.org,+7 (938) 459-58-65
f693d67e-c7d5-4d56-bdc0-2b7820d98117,Машиностроение,Up-sized zero tolerance project,2022,ehoover@roberts.net,+7 (937) 221-98-78
ae6b7c14-6bc3-4d24-bad4-b9e5e6f8eaa8,РИПОЛ Классик,Function-based explicit framework,1896,clarence35@berry-ashley.com,+7 (922) 601-16-52
d36d4394-bab1-466b-a0b1-b8eb614c29c4,Der Kinderbuchverlag,Distributed clear-thinking hardware,1998,holmesvictor@mcmahon.com,+7 (961) 135-29-55
a3f96012-a850-472a-92ae-2feb4b6ec7c1,Альпина-нон-фикшн,Profit-focused 24/7 implementation,2023,twhitaker@howell.com,+7 (997) 330-59-93
2046919c-0424-4690-9f49-6e35f91aeff6,Ad Marginem,Inverse 5thgeneration Internet solution,1912,tgoodwin@gomez.com,+7 (906) 981-80-60
c8d341a6-b5d7-435b-99b4-4fab568d026e,Мол. гвардия,Universal interactive capacity,1886,thompsonkiara@moss.com,+7 (946) 155-32-17
b3224afa-e238-484f-9e6e-a7bea13b8ccb,Дрофа,Fully-configurable 5thgeneration workforce,1971,jacquelineellis@moody.com,+7 (974) 855-87-78
f07e1f12-f3af-465e-865b-fd3b0ceabef4,"Культурно-общественный центр ""МОСТ""",Profit-focused analyzing ability,2004,walkerchristopher@park.info,+7 (979) 233-71-72
38b2462f-7974-435a-ae96-70a34e4164ab,Лениздат,Inverse real-time circuit,1995,nmorris@larsen.info,+7 (927) 221-44-87
b80d672b-e9d0-4fba-989a-f0bccd839fb4,Акад.,Digitized disintermediate Internet solution,1871,nancy48@dixon.com,+7 (928) 258-55-50
29364dd4-49c5-4320-9859-394975c73fd7,Edition Leipzig,Self-enabling tangible firmware,1942,coffeykatrina@fleming.com,+7 (971) 780-46-39
66e4027a-5a6f-4a9d-b81a-f4c0a70180d1,Radebeul,Seamless transitional website,1944,kspencer@davis-lee.biz,+7 (910) 428-75-25
f3cb32aa-af9b-47d9-ad81-c014b90e247b,Самокат,Integrated fault-tolerant parallelism,1975,moorebenjamin@keith.org,+7 (985) 979-17-39
2fabbd95-928e-4cc1-959a-14dc6a2f852e,Издательство Московского университета,Public-key multi-tasking middleware,2005,kendra14@reed-martin.com,+7 (952) 284-81-36
b389e6e4-5641-4382-b42d-944dc4328e2c,Bibliotheque pour la science,Multi-channeled directional framework,1883,glyons@watts.com,+7 (962) 488-34-46
068f3c88-6d03-4fd3-9024-b57ed171568d,КолосС,Business-focused multi-state hub,2021,jonesgerald@kim.com,+7 (905) 873-97-87
f9efa54d-99f7-4874-b947-4769151c436f,Gustav Fischer,Pre-emptive impactful knowledge user,1936,jennifermurray@jacobson-donaldson.com,+7 (991) 483-75-44
e6a7f452-191d-4148-be1e-cac61923b021,Brijbasi Printers Private Ltd.,Synchronized optimizing contingency,1941,jbarr@moore-cruz.com,+7 (921) 526-16-56
58575fef-2b97-46c4-9e9c-903e94172ec2,Individuum,Stand-alone 3rdgeneration neural-net,1859,aweiss@douglas.com,+7 (964) 906-47-98
0f999d33-9fd1-4f79-a4a3-fd963474b11d,New English Library,Team-oriented full-range matrices,2007,martinadam@perkins.com,+7 (975) 283-31-29
9df9e66d-0fc0-47e5-ab2d-cada0239feaa,Puffin Books,Phased system-worthy artificial intelligence,1871,wphillips@sanchez.info,+7 (965) 185-72-28
bc58c761-ca67-48df-aa21-1c0c80e902f9,Филион XXI,Up-sized regional archive,1887,bmedina@scott.com,+7 (928) 487-84-73
c0927f4b-063c-4374-9c22-0d6d1dc95284,Ed.Leipzig,De-engineered responsive neural-net,1850,nmolina@mills-cole.org,+7 (922) 416-62-50
8e65f82a-4744-4d0b-b0c4-47c0897458a8,Artia,Networked local hub,2011,david08@flynn-robertson.com,+7 (992) 335-41-41
3b1d3c6b-734f-4fbe-93db-bd1321010190,Альпина нон-Фикшн,Switchable homogeneous info-mediaries,1981,eric02@burton.net,+7 (947) 481-78-11
d09d63f6-a010-4571-9e18-7301091584c7,ORF,Optional 24hour function,1948,sarahmedina@hess.info,+7 (924) 603-31-85
69bef404-2cf6-4ccd-9452-7102b31210a3,Мелодия,Programmable bandwidth-monitored instruction set,1987,hannah13@hernandez-rasmussen.com,+7 (976) 796-68-91
7c2d50ec-2191-4ce4-908e-b8512129fb03,"Gamma, Trecarre",Advanced empowering encoding,1955,erinanderson@smith.com,+7 (988) 294-84-12
69b0ae89-0961-4e58-9973-daed3fb66e20,ГЭОТАР-Медиа,Intuitive 6thgeneration utilization,1874,ryan63@cox-jensen.biz,+7 (972) 983-60-50
b428be47-c8cd-405f-855c-344abc0879ba,Альпина нон фикшн,Open-source solution-oriented superstructure,1986,david74@harris.org,+7 (951) 509-91-21
c136fb26-c9ad-4e52-bbce-a0710ff31823,Азбука-Аттикус,Diverse systemic conglomeration,1859,sfernandez@hutchinson.com,+7 (964) 898-65-94
c143964c-3ede-44fb-9f07-4245fdd2f0f2,Медпроф,Realigned bi-directional monitoring,1967,williamstyrone@mendoza-knapp.com,+7 (904) 556-91-60
56435006-663b-4fd0-84d8-8848f791a3b6,Зеленая книга,Innovative intermediate adapter,1964,stephanie14@baker.com,+7 (909) 352-44-60
779d449c-e1eb-405b-9ceb-d7b207c9f83f,Apress,Programmable solution-oriented archive,1922,nolanchad@berry.net,+7 (900) 942-56-93
6d3b1286-9b8d-4b34-99e8-38b91a6bd608,Ed. Leipzig,Down-sized analyzing moratorium,1991,johnsoncandice@flores.com,+7 (930) 896-81-12
c58672ac-81f3-41fb-a213-328aae86eb5d,Альпина PRO,Reverse-engineered next generation migration,2015,osandoval@lopez-stevenson.org,+7 (958) 161-44-24
887a3e4d-8110-4564-8233-851d21577500,Кристалл,Cross-group 24/7 interface,2017,wgibbs@king.com,+7 (914) 297-51-53
033f3f91-65af-42ef-920d-f3564d719b62,Альпина дети,Ergonomic 3rdgeneration leverage,1876,dkim@elliott.com,+7 (998) 508-55-59
f69ba80b-2c5a-4d90-a481-46497d9dd7df,Интеллектуальная литература,Inverse high-level attitude,1947,taraanderson@pace-bender.net,+7 (937) 840-66-20
6ede822b-25c6-43c7-9d78-e13f2615611b,Энергоиздат,Quality-focused impactful access,1907,bradobrien@moore.com,+7 (929) 729-57-10
59ba9b38-e1bf-4e8d-a69e-4bb17d2e122b,СОЛОН-Пресс,Visionary heuristic project,1918,jonathan65@wolf.biz,+7 (934) 435-92-67
308c2830-7c7a-4af0-97f2-d6af853e3410,Росмэн,Devolved directional intranet,2000,todonnell@lozano.biz,+7 (984) 467-50-42
8fe30554-71cb-4fee-927f-f607354574fa,НИЯУ МИФИ,Enhanced bandwidth-monitored function,1892,pamela67@best.com,+7 (967) 869-79-66
48ccdd98-c375-492d-87cb-815a702e31b2,ФОРУМ,De-engineered foreground function,1925,hmartinez@ortiz.com,+7 (934) 726-19-78
b9ff2988-5796-4404-a35d-afc5ad451afd,Дело и Сервис,Vision-oriented didactic projection,2013,diamondharris@walker.com,+7 (985) 598-44-47
adbe4ce0-e285-40f4-a6cb-8ca3bd769395,Альпина паблишер,Digitized system-worthy challenge,1961,jonesbonnie@abbott-li.com,+7 (958) 113-63-70
439e692d-38da-4b7d-a936-ff563da37e96,Издательство Студии Артемия Лебедева,Persevering scalable archive,1920,danielle30@mendoza-harmon.com,+7 (946) 664-37-83
e6a90b12-bbea-4a31-9e0c-013f9611d813,Форум,Automated hybrid contingency,1908,reynoldsgary@lawson.com,+7 (956) 744-82-96
49229f30-fba7-414c-9126-01aa7c3a7422,ГЕОС,Implemented upward-trending extranet,1856,deborahsmith@howe.com,+7 (953) 596-25-84
aa40e4a2-4d97-4f58-8104-98f84d57bf14,Техносфера,Digitized bandwidth-monitored analyzer,1975,ystanley@reyes.com,+7 (970) 188-40-72
ef6c726e-c2a6-45c5-83c7-f113513dcd76,Наука и Техника,Horizontal bottom-line forecast,2008,rjackson@hess.com,+7 (953) 863-96-62
10c5204c-33ed-4934-b187-b2cf776062fc,Инфра-Инженерия,Intuitive mobile functionalities,1978,zburke@drake.org,+7 (981) 260-76-71
761c07ba-d2dd-4548-a41a-94a74455896f,Ruscience,Phased impactful functionalities,1930,mckeejeffrey@stewart.com,+7 (991) 530-81-70
fe0b1af4-d840-4b38-a328-15226cbf1528,Альфа-М,Integrated empowering model,1859,qyoung@horn.info,+7 (914) 127-22-70
99091943-5580-4e2c-b447-f94ecd49c2a7,Издательство Ассоциации строительных вузов,User-friendly asymmetric firmware,1968,rubenbowman@baker.com,+7 (904) 571-76-10
3fd6d69b-04b3-4116-931d-5fc589e7110d,BSB Teubner,Secured client-server flexibility,1950,elizabethmedina@farmer-huff.com,+7 (911) 968-96-23
852f9ea5-699c-4c26-8d41-94c3743bfd80,Солон-пресс,Versatile object-oriented middleware,1917,jessica36@howell.com,+7 (906) 621-57-28
040a8f46-abad-49f0-a30a-67985b38bc94,Питер,Synergistic interactive task-force,1931,ogray@jones-hodges.com,+7 (901) 180-34-36
d269cd53-d7ed-41bf-8817-654cf7519cea,ДМК,Proactive logistical artificial intelligence,1986,ismith@jackson-benson.com,+7 (990) 193-71-90
f80974b2-5027-41ab-9113-f75ba14fbd86,РадиоСофт,Fully-configurable bandwidth-monitored capability,1994,lisa34@robinson-wright.com,+7 (988) 784-12-83
c7fca261-4b00-4fe5-ac49-fefbb08c6a03,Маршрут,Organized needs-based productivity,1907,elizabeth19@jackson.com,+7 (989) 944-87-90
264a3306-0d33-49b7-a941-ddba99008c16,Энергоатомиздат,Persistent cohesive customer loyalty,1972,dunnhoward@jones-davis.com,+7 (947) 604-88-98
0526b194-d76a-4d5b-bbaf-cd04f070ad47,Политехника,Cross-platform 24hour success,1894,caldwellangela@obrien-chavez.com,+7 (921) 168-18-46
9d662859-a073-4e3b-ab12-133f502045c7,Изд-во ЛГУ,Virtual dedicated superstructure,2022,lmartin@allen.biz,+7 (924) 169-76-75
395fd795-0fd5-443c-bc0f-e2da3cb4e46b,Corgi Books,Reactive client-server leverage,1892,pperez@figueroa.com,+7 (987) 115-18-67
ce2d6d06-2496-4bbc-b1ee-55d08d0420fc,Диафильм,Compatible bottom-line methodology,1965,cpierce@green.com,+7 (998) 477-28-54
9029bff1-ef67-401f-941f-c813d9e62903,Теплоэнергетик,Organic clear-thinking encoding,1923,carol63@pacheco.biz,+7 (941) 711-38-19
d5da576e-fdf5-4458-a6d5-1e36fc8dfb7d,Gamma,Programmable high-level application,1932,joshua86@glenn.com,+7 (943) 340-47-18
3673766f-05d8-4fae-9bc8-1d1e76512e0d,Машиностроение. Ленинградское отделение,Operative tangible utilization,2018,obrown@scott.com,+7 (999) 866-30-39
b9b0a871-c084-475a-bc03-7a071eb9a12f,The Pragmatic Bookshelf,Ameliorated bifurcated initiative,1964,richmondvanessa@carlson.org,+7 (992) 956-53-21
fd482f32-1240-41f5-a3b1-256c1398ab14,O'Reilly,Ameliorated executive algorithm,2015,vsmith@salazar-chan.com,+7 (954) 211-78-60
3e9866a4-3eed-49ab-93c7-8f5f490e8fb3,Горячая линия - Телеком,Cross-platform bifurcated contingency,1916,lopezmelody@dawson.net,+7 (974) 198-51-30
5b2ae7b8-5743-40e2-8562-0ba11d745d9e,ДМК-Пресс,Focused dedicated monitoring,1851,hrichards@morgan.com,+7 (908) 976-91-62
92d1c56b-541f-4201-a571-36094633ae83,ЛАНЬ,Quality-focused dedicated throughput,1979,villajessica@lambert.biz,+7 (986) 109-22-11
fc216af7-bd36-4422-9348-2ea192142574,Курс,Robust 5thgeneration approach,1961,brooksjerry@lee-pope.com,+7 (920) 973-22-24
78fdf2dc-af28-4515-9f5b-ebfa5fa4aac4,БИНОМ,Reverse-engineered optimizing implementation,1898,moralesdalton@bradley.com,+7 (934) 178-63-90
0e7de2d7-c341-4b95-b671-5ed712674a3d,ФИЗМАЛИТ,Right-sized even-keeled framework,2016,lawsonlauren@lewis-walker.info,+7 (986) 574-76-81
7faf45c2-7892-4f6a-9651-069cb492b67d,Колос-с,Persevering didactic moratorium,1964,wendythomas@mcdaniel-garza.info,+7 (932) 214-72-90
7909ab14-bb56-4241-bc80-005b8c96fe84,Связьиздат,Self-enabling intangible customer loyalty,1969,ronald32@robles-martin.info,+7 (903) 318-68-41
fc90b132-711e-4a3b-ab15-fcc61ba24eac,Лайт,Polarized systematic paradigm,1869,erin77@thomas-dunn.info,+7 (907) 344-99-56
53e86fee-68a2-4d35-bc06-d55c509f00f1,Горячая линия-Телеком,Customizable system-worthy leverage,1895,richard93@nelson.com,+7 (938) 904-51-16
1587f2aa-fa95-4c18-b890-2ca20b2bb4fa,СОЛОН-Р,Extended bottom-line encoding,1919,dianeguerrero@rivera.com,+7 (918) 560-98-31
7a8d4b70-7bb9-43eb-85e0-5b821d081deb,Наука и техника,Devolved regional analyzer,1938,gkelly@barker.net,+7 (974) 434-32-84
437fd40a-8bce-4254-99dd-593386e0d100,Экономика,Switchable mobile access,1944,charles07@santos.net,+7 (960) 249-78-26
6fb881e5-b244-47cc-be4e-a81aea209084,ОЛМА,Reverse-engineered analyzing analyzer,1931,davidgarcia@willis.com,+7 (929) 159-51-24
4b540e7a-96ca-4a5d-9c54-226dd6c02e27,Горная книга,User-centric disintermediate portal,1933,richardanderson@myers.com,+7 (990) 162-97-69
5131b2bd-8c1f-47a1-9c2e-f5415f72547a,Callwey,Versatile even-keeled emulation,1862,cherrybrent@jones.com,+7 (919) 637-58-49
49bfc980-3ef5-4a9a-830b-6b15a6ff3f9f,Издательство HГТУ,Programmable multi-state focus group,2003,timothychapman@mcfarland.net,+7 (900) 262-16-19
ec04185e-32fd-434b-a7ea-3328a565dd11,Ниола-Пресс,Up-sized heuristic definition,1982,thomasdavid@smith.info,+7 (957) 896-34-83
823710f2-3a05-426d-b2cd-4103d298b0d6,Янтарный сказ,Ameliorated directional time-frame,1893,carla66@payne.com,+7 (952) 824-84-35
9d353cd5-d8ca-497d-b526-eec6939d25aa,РИПОЛ КЛАССИК,Integrated neutral software,1989,codysmith@robinson-lewis.net,+7 (922) 742-96-61
f35df41e-124d-4ff9-979f-21d557986809,Koehler&Amelang,Function-based maximized customer loyalty,1992,webbtyler@shannon.net,+7 (933) 554-37-21
703eaa6f-5537-471a-b11b-31c7ece8da7e,Бомбора—,Implemented explicit capability,1949,alanmedina@deleon.com,+7 (922) 176-54-94
83c8b0ec-dc0b-4003-9e14-acfb690ff420,Одри,Cross-platform national frame,1900,jeffreythomas@phelps.com,+7 (972) 145-99-19
d30d845e-1143-4e87-aa6c-6e26e7460094,Радянська школа,Multi-tiered bifurcated website,1978,jondixon@williams.biz,+7 (948) 503-22-83
22493ab7-4286-417a-abb3-bc2e94896aea,Профессия,Customer-focused composite support,1928,angelagonzalez@gonzales.com,+7 (922) 718-92-44
64169162-8351-4a36-8360-53330eb50fd7,Изд-во МГТУ им. Н. Э. Баумана,Right-sized mobile conglomeration,1999,obanks@barrett-middleton.com,+7 (997) 379-25-28
d6ed9f7f-b52a-45d1-9c35-7087f139d4da,Книжный Дом,Organized mission-critical pricing structure,2004,coxvincent@lee.com,+7 (948) 706-81-62
70c59f1e-6def-4761-815b-fd04234f0e73,Медицина,Self-enabling interactive open architecture,1871,whitejuan@gonzalez.com,+7 (914) 358-29-31
d80ae6c1-25e9-4938-ac4b-a6267d120cff,Перо,Front-line coherent parallelism,1881,zhoward@chambers.com,+7 (978) 649-26-95
43e4e021-cb8c-4e4b-abe9-b7cd1df34383,Лесн. пром-сть,Seamless intangible matrix,1973,aross@davis-cobb.org,+7 (955) 355-84-36
c0163d5f-5199-4e61-93b5-7fdf407789a2,АСТ-Пресс,Centralized composite complexity,1992,matthew41@thompson.com,+7 (961) 180-47-19
3553d47f-4760-41b4-83d0-85aaf7bd815e,Легкая и пищевая промышленность,Universal reciprocal pricing structure,1891,brian45@daniel.com,+7 (942) 565-62-72
61d8a1e2-3951-4700-8bb9-8978545f625e,Лег. и пищ. пром-сть,Enhanced regional array,1930,david38@hinton-ali.com,+7 (971) 737-40-45
c8857420-6d21-4cea-87f7-2c46ba07bbfb,Panstwowe Wydawnictwo Ekonomiczne,Compatible transitional emulation,1976,twilliams@smith.com,+7 (909) 734-62-95
5490cc1f-3172-44d1-87fa-c5fff8f9ce48,Manhattan,Advanced even-keeled extranet,2003,crystal36@villarreal-davidson.net,+7 (978) 839-76-11
fbd82ef0-1670-4738-a908-7c551e9cfa99,Пищевая промышленность,Business-focused systemic secured line,1884,shawnjohnson@moore-garrett.com,+7 (979) 292-44-52
dbbafc2f-39c1-42e4-841d-91a66cbc8ec8,Fleurus idees,Ameliorated object-oriented throughput,1972,nporter@ayala.com,+7 (974) 226-36-27
5bc8d7b6-57ba-48f2-a83e-d8aedf70780b,ДеЛи принт,Reactive tangible task-force,1978,jeffmcneil@brown.com,+7 (922) 658-96-67
b955fc79-362a-42c8-9678-0f362c8fee60,"Фирма ""Салта"" ЛТД",Front-line human-resource capability,1971,allenrobinson@alvarez-lin.com,+7 (908) 427-85-94
3f18b294-667f-46d3-86fe-ed2e90d31535,Изд-во Ун-та дружбы народов,Balanced background circuit,2008,tparrish@lopez.biz,+7 (912) 211-59-83
8b3e43ee-fa5f-4b5d-a3c4-b921a75d309a,China International Book Trading,Configurable neutral workforce,1852,tonyajones@suarez-peterson.com,+7 (995) 491-73-37
fa23729c-4cf3-4d91-85b4-d09fc3e6aa6f,Pan Books,Innovative directional implementation,1938,markpeterson@griffin-martinez.com,+7 (977) 452-74-36
e8cfac7b-87ba-4ef0-b21b-3d79bbb35f4b,V,Vision-oriented encompassing core,1927,dcannon@davis.com,+7 (917) 181-31-21
c690e8d0-a744-481d-9aee-bb8908011380,BBC Books,User-centric zero-defect array,1863,susanmanning@jones-roberts.biz,+7 (947) 736-30-81
bb03f195-b193-4b0c-8b16-a73303beccde,"Студия ""Диафильм""",Face-to-face didactic workforce,1921,orrjennifer@olson.info,+7 (914) 525-37-47
43961f75-13a6-45f7-90f9-8cda6921e562,ЭКСМО,Managed fault-tolerant emulation,1893,paulkristen@silva.com,+7 (915) 421-67-40
8135ee6e-60b6-4c82-926c-82143e78d31c,К,Centralized web-enabled Graphical User Interface,1999,russelllopez@krueger-figueroa.net,+7 (953) 807-37-79
a1737cd3-4ae1-4bc5-9a1e-4cf760847216,Berhold,Visionary homogeneous middleware,1984,mccluregarrett@tanner-rollins.net,+7 (945) 832-64-84
0a24111c-b86b-4d9c-b2d6-e234963929da,АСПЕКТ-ПРЕСС,Public-key object-oriented access,1984,juliesmith@norris-simmons.com,+7 (922) 678-93-42
9a4c2c59-3393-448e-a650-ffc8330871ea,КEHC,Right-sized methodical conglomeration,1897,bbaker@sims.info,+7 (948) 776-38-57
4bab2229-fdb5-4fe2-a105-80d8ff9d5349,North light books,Multi-channeled needs-based moderator,1853,christymorse@montgomery.com,+7 (981) 181-66-40
8acb227a-477f-4b67-8e84-67fa339691e7,Penguin Books,Synergistic discrete solution,1943,karenchase@ruiz-wolfe.com,+7 (955) 383-94-98
fe1a9c91-e0a2-4059-8221-116a4f986412,VEB Fotokinoverlag,Proactive leadingedge database,1976,eharris@jones.org,+7 (948) 396-15-15
a01f73ec-3076-4ace-9e9d-4d009e3b193e,Искусство,Balanced logistical definition,1975,louis92@morrison.net,+7 (917) 647-95-58
e8b8e23b-1fd1-44a7-b261-84beb81e0f72,Стройиздат,Grass-roots multimedia time-frame,1999,walkerrandy@burgess.com,+7 (954) 472-81-60
f79ef877-fe38-48ee-84c8-8b6480406ed8,Аделант,Seamless disintermediate policy,2012,jgarcia@flores.com,+7 (996) 832-84-38
a8da1518-b84a-4e11-8c96-62089525763e,АСТ-Пресс Книга,Down-sized bottom-line array,1962,maciasalexandria@huynh.org,+7 (987) 867-83-73
3481e7b5-7999-4acb-bf6c-bde255ffa681,Русская энциклопедия,Inverse composite forecast,1852,bakersusan@wilson.com,+7 (907) 190-12-48
167b77e5-b55e-4123-9abd-220180a0d02b,Рипол классик,Virtual cohesive website,1934,normanpatrick@goodwin-burns.org,+7 (946) 342-53-74
8bf3a246-f69d-49d6-a4e8-315fa0ff3bd8,"МП ""Феникс""",Proactive holistic standardization,1990,smithdaryl@rodriguez.info,+7 (927) 815-94-92
bb6a6da3-4d31-4658-8d8a-5a8d05af08be,ЭНАС,Advanced foreground concept,1863,karenbarron@robinson.info,+7 (964) 656-46-86
a4c54591-9717-4525-8ae5-ec0b95a804cc,Олимп-Бизнес,Optional analyzing productivity,1936,osutton@carrillo.com,+7 (994) 897-56-55
85c41e78-bc93-41fc-83b7-4f05cf8212f6,Современная школа,Down-sized responsive function,1975,nancycobb@sanchez.org,+7 (992) 583-20-51
8f7d5ef2-d3ca-4193-ae9d-5144680c6528,Контэнт,Balanced non-volatile artificial intelligence,1954,frederickparsons@bass.com,+7 (978) 886-75-38
70c14eb0-3d6a-44c8-820d-dad7f83cb139,Русайнс,Stand-alone web-enabled initiative,1871,tonytownsend@diaz.biz,+7 (913) 682-81-62
55c13785-b49c-48fe-bb03-f0b09eb631fc,Гидрометеоиздат,Phased real-time policy,1863,clintonbarron@clark-wilson.com,+7 (959) 691-95-36
57add774-75a4-49a8-8873-c0fb90fbf98b,Транспорт,Optimized motivating budgetary management,1879,esmith@richards-mitchell.com,+7 (989) 976-60-54
f5a37f95-0b21-4ef5-8133-320b428421c0,Hodder,Implemented global data-warehouse,2008,gabriellerice@rivers.com,+7 (929) 208-43-24
6a0a8220-d0ec-448d-8d9b-719f84157b0d,4x4 Magazines,Upgradable intangible frame,2005,rebecca39@garner.info,+7 (983) 880-54-83
676017f2-605a-46d1-a36d-8a1d27f44bf2,Transpress. VEB Verlag fur Verkehrswesen,Balanced exuding throughput,1860,laurenreilly@sanders.com,+7 (930) 477-84-44
4c5864ad-a647-4829-aaa7-112eba794d64,Transpess REPRINT,Cross-group scalable capacity,1941,dhart@nelson-chandler.com,+7 (926) 832-96-18
f3437694-569c-4634-b8a9-43eb6867655f,Студия Артемия Лебедева,Multi-layered object-oriented standardization,1961,mayjessica@santiago.com,+7 (987) 267-51-61
47aa3a6b-adae-4bd5-85cd-15c9b8311a87,За рулем,Monitored foreground flexibility,1907,montgomerybrooke@richardson-hale.com,+7 (945) 592-41-45
b26d98de-a906-44bf-a403-3b15d2e625bd,Аякс-Пресс,Intuitive national moderator,1891,darleneschultz@cross.org,+7 (903) 503-75-36
8474e68d-b7b2-4ffc-bb8b-83ecebe48df6,АРТ-Родник,Vision-oriented modular open system,1963,ybarnett@lloyd-vang.com,+7 (951) 664-51-90
31d2e1a2-f745-49ef-a8fe-5c6990fd92c2,А. В. К. Тимошка,Synergistic global core,1941,kjames@butler.com,+7 (943) 486-77-24
4613d82f-8432-469c-a8fe-ab5aaa3cdff3,Моркнига,Quality-focused 5thgeneration project,1862,jesse59@mercer.com,+7 (976) 752-37-42
f1985c72-0b42-42a2-b2d9-82c7c3fcae68,Pietsch-Verlag,Cloned non-volatile paradigm,1862,kennethrios@nguyen.biz,+7 (939) 637-12-82
46097a0e-07df-4540-b936-772a3d01ce72,Патриот,Decentralized methodical secured line,1990,lauren27@wilson-scott.com,+7 (991) 371-58-99
653b2d86-6ca8-4885-ac01-90317c167c2f,Transpress: Verlag fur Verkehrswesen,Managed clear-thinking portal,2007,hallmichael@lowe-jenkins.org,+7 (971) 809-81-76
607efa5e-9ffd-49de-acc8-76c423f12f7c,Mandarin,Re-contextualized scalable Graphic Interface,1947,rhonda82@logan.com,+7 (914) 931-43-85
03c16aa6-89e9-4011-b3f9-b8048ecdb261,Арт Волхонка,Total secondary info-mediaries,1928,scottshannon@serrano.com,+7 (954) 689-88-78
fabc3725-6e8d-411e-84db-7c1c2098b604,Fastbook Publishing,Decentralized even-keeled interface,1903,kelly24@martinez-gross.com,+7 (910) 910-44-50
b67c22b1-5e2c-420d-b22d-5c07cebbcedd,Радиотехника,Switchable 24/7 infrastructure,1921,harperkevin@thompson-hunter.com,+7 (937) 427-13-49
b392b51c-6529-4104-a0e1-da6306bad9f9,Беларусь,Networked content-based hardware,1962,sherry30@underwood.info,+7 (920) 304-93-23
852d0abb-a9a0-436e-ac6e-ce3f5a145758,Издательский Дом Высшей школы экономики,Function-based 24/7 knowledge user,1970,brooke41@ryan.com,+7 (957) 733-59-45
61cf3d8c-dbf2-41a9-9738-a3dbc1226412,Мир Автокниг,Mandatory fresh-thinking hierarchy,1928,leblanctodd@lopez.com,+7 (967) 404-44-22
39da57aa-2679-46f4-99e5-022c0aa7f8b3,Тихомиров М. Ю.,Enhanced multi-tasking challenge,1879,dlopez@hamilton-gomez.com,+7 (962) 578-82-88
16204ad5-c13e-415a-b30c-091f0bd5ea2c,Век информации,Team-oriented coherent software,2012,franklinjohn@brock.com,+7 (904) 959-96-44
ebcb48b5-fc10-4c20-b3a9-0e773e03aee5,Арт Клуб,Visionary multimedia Local Area Network,1950,kirbyraymond@deleon.com,+7 (923) 863-29-30
02c8e8a0-b3e7-4669-b0a3-432bd767c6f4,Дашков и Ко,Programmable multimedia access,1939,moorejack@huang.biz,+7 (946) 784-33-61
0cff443e-f3a9-4df2-93c8-160095681fd4,Физкультура и спорт,Exclusive regional monitoring,1955,michaelosborne@walton-bowen.com,+7 (913) 683-81-54
2bdd583c-78a9-479d-a2a3-e4617c220024,Современник,Multi-tiered client-driven policy,1926,charles02@jackson.biz,+7 (977) 580-18-12
bf690cca-69e9-41da-9473-020892141ec6,"ФГНУ ""Росинформагротех""",Innovative empowering function,1856,jennifer48@morales.com,+7 (957) 216-53-25
9812eda5-5abd-40e8-95e7-dd39cebe80ad,Штиинца,Cross-platform incremental complexity,1979,cohendavid@reed-gaines.com,+7 (984) 631-40-15
ca3e9b8b-57f7-42b2-a5b5-08d2875cf16e,Росагропромиздат,Up-sized 5thgeneration policy,1889,fgarner@holmes.com,+7 (947) 365-68-59
aad56163-e31c-4018-a0d9-346600436dc2,Россельхозиздат,Synchronized real-time paradigm,2014,nevans@ballard.info,+7 (939) 723-15-92
40ae0625-c9c4-42b7-9908-5d4d9923e804,"ИВЦ ""Маркетинг""",Open-architected upward-trending product,1978,jessicabarnes@browning.com,+7 (943) 399-31-80
c5706dac-04fc-4f26-98df-fbc86766a1c6,Траектория,Fundamental didactic framework,1874,mhansen@esparza.net,+7 (967) 153-83-81
8180da16-4a93-41f4-bdb5-46536047623e,Колос,Future-proofed bottom-line website,2002,nicole37@beasley-smith.com,+7 (972) 901-42-14
a1b4ce79-5497-40ed-866f-8d205c5230c4,Ураджай,Extended homogeneous archive,1936,chelsea18@owens-hunter.com,+7 (991) 313-32-56
c5b5603f-a347-4ba1-b217-51fe068fce28,"Изд. фирма ""КубК-а""",Reactive clear-thinking approach,2020,johnsonstephanie@gray-atkinson.biz,+7 (980) 658-84-58
3dd9ff25-09c0-48c3-b47a-3e79ae10fde0,Рус. кн.,Customer-focused 6thgeneration superstructure,1975,alexanderanita@bowman.org,+7 (984) 618-55-19
5a0c0f13-db81-48b6-a210-f4edfade47d8,Отечество,Expanded dynamic hierarchy,1931,randallmedina@gaines.com,+7 (915) 735-56-34
7396d8d6-f7df-465b-9349-333f26b76cc0,De boeck,Profound national conglomeration,1961,simmonsbrenda@tate-brown.biz,+7 (983) 359-36-93
9d73f179-b9ae-4154-ab2e-87a4fd68decc,Моск.рабочий,Quality-focused tangible definition,1973,kim39@gross.net,+7 (954) 973-60-13
28afae1d-cafd-46d8-a2e8-40fcf54d88f3,Владис,Phased grid-enabled toolset,2013,jeffrey20@morgan-perkins.org,+7 (976) 823-52-62
fc96d592-a9e9-41f9-93d6-82a8ec5ba7e1,Новое знание,Exclusive eco-centric paradigm,1852,fjackson@contreras.net,+7 (988) 860-32-66
7d94577e-be4c-452c-ac94-41ddbf8b132e,Терция,Compatible real-time budgetary management,2011,brianflowers@hart-ibarra.net,+7 (976) 890-80-46
7cba8798-4ccb-43b6-a3b4-3397fae3c059,Ястребова М. А.,Profit-focused optimal system engine,1940,tracydavis@harper.com,+7 (954) 851-28-30
ff9d890a-bec1-4dbf-b0fd-090dba583582,ЮРАЙТ,Cross-platform non-volatile access,1907,sara30@schwartz-miller.org,+7 (984) 151-14-92
523caf27-1259-405c-92c0-f3892f1d2f7e,Альпина,Stand-alone content-based database,1905,owensmary@garrett.com,+7 (958) 879-61-55
8985d7e2-53f8-4a43-9085-5bb2d9cd33af,Дет. лит.,Inverse system-worthy neural-net,2019,jareddiaz@lane.com,+7 (991) 270-86-68
d5bbb8b1-085f-4d84-971e-219f5455ec01,Usborne,Extended 4thgeneration ability,1973,willisamanda@martin.com,+7 (939) 451-49-93
81fe8915-8768-46e8-b757-ec88e6fe6fef,АКВАРИУМ,Operative leadingedge flexibility,1973,nholland@torres-dalton.com,+7 (922) 796-36-97
ddef2eb6-9daf-4733-8f66-a2131fcaaebe,Аквариум,Distributed bottom-line moderator,1878,henrybrian@riddle.com,+7 (977) 508-52-53
4194b6b3-30c4-4ddb-af18-0500a485c12d,ARTGUIDE,Optional explicit pricing structure,1872,evansbarbara@smith.com,+7 (987) 581-66-60
abdf8cb3-4731-43e6-b165-0996ac39ce5c,Вече,Configurable multi-tasking complexity,1871,vanglisa@miller-vargas.com,+7 (998) 947-98-24
9fd6ebd0-fefc-4c58-8e2f-5c9259dcbfb7,Континент-Пресс,Focused value-added solution,1988,andrew73@hernandez-johnson.org,+7 (915) 498-74-73
cb1cf1b5-e0a0-4238-8802-f3a6d289b71b,Издательство Рученькина,Focused foreground matrix,1967,angela10@williams.com,+7 (952) 765-13-88
a34a16cb-2b5b-4607-99e8-56a6d392b042,Польское государственное медицинское издательство,Optimized holistic focus group,1886,reneeweaver@mendoza.com,+7 (997) 655-22-32
93461069-3ee5-403e-80d9-ccd4e14a4da6,Springer,Future-proofed static neural-net,1993,cheyenne16@livingston.com,+7 (989) 106-26-38
2bec731b-ae9c-4f16-9087-a4f090f7fa2c,Практика,Face-to-face responsive initiative,1983,sandrahernandez@boyd-lam.org,+7 (991) 183-27-46
85456554-4ca2-4527-bd02-be7f693f41f3,Elsevier saunders,Fully-configurable web-enabled customer loyalty,1952,tammyreed@sanders-zhang.com,+7 (930) 562-85-12
3859bc04-065b-403d-9431-6a922c3e9ca8,Проминь,Secured fault-tolerant infrastructure,1850,taylorjustin@maddox.org,+7 (934) 150-60-46
58063cff-7ed2-43bd-a4f2-2893a22ec2c5,МЕДпресс-информ,Programmable modular Local Area Network,1919,cthomas@williams-adkins.com,+7 (957) 159-53-16
8e664fe0-e63e-4f31-90b4-a7497d96c3a2,ЛОКУС,Stand-alone tangible algorithm,1909,carla28@williams-johnson.com,+7 (981) 300-23-92
24168d71-14e5-456d-bef8-dd19b4841c62,Литература,Optional well-modulated interface,2009,ruizjonathan@huynh-harris.org,+7 (974) 121-73-44
64aa66b8-ec0a-489b-ba3a-ca92780d3ea3,Агентство печати Новости,Organized zero administration algorithm,1931,rogersjoseph@webb-whitaker.com,+7 (933) 734-19-10
57d9c7d9-424a-4f3f-8ef2-4f54ef449931,Бином,Focused object-oriented alliance,2005,bennettbenjamin@henderson.info,+7 (968) 181-71-33
f304089e-0e3c-4eb1-a150-d436d6d23685,ПИТЕР,Vision-oriented grid-enabled access,1851,watsonkatherine@brown.com,+7 (928) 314-46-57
22f36a3b-d39f-43f8-959b-f41f059e9c80,Диля,Vision-oriented leadingedge focus group,1938,vfoster@reyes.com,+7 (919) 846-83-21
3c2fad95-a5bc-468d-baae-eb58a18330e6,"Медицина, Шико",Self-enabling dedicated encoding,1972,espinozamichael@morales.biz,+7 (908) 631-48-67
46ff0d75-b8f1-4169-b04c-d128f7036902,ОЛМА-ПРЕСС Инвест,Re-engineered analyzing forecast,1915,walkerchristine@skinner.com,+7 (983) 600-97-83
7065a8af-a031-4d5f-9ab5-88579958a648,ПК ООО Макбел,Public-key 24hour success,1990,roblesdavid@hansen-west.com,+7 (912) 871-13-69
1788b9f6-9d0f-49b0-aaff-26cd0d9e1349,Невский проспект,Business-focused client-driven methodology,1878,josejacobs@lopez.com,+7 (964) 210-64-87
46b084ab-8098-4db2-a6f3-66463ad45e3c,ТРИАДА-Х,Mandatory didactic ability,1984,ycampbell@myers-brown.com,+7 (991) 959-75-60
c2451eb5-48a4-44c5-a0e3-107a24130e3a,Времена,Team-oriented 5thgeneration Internet solution,1980,rebeccaowens@strong.net,+7 (943) 803-24-94
116f0e72-eb5b-4112-9521-64fe11a09755,"Издательская группа ""ГЭОТАР-Медиа""",Universal methodical alliance,1912,barbararich@meyers.com,+7 (955) 151-61-45
5501b8d2-768e-4c40-bfaf-efecd1f3b415,Практическая медицина,Reverse-engineered intermediate leverage,1877,calebgibson@castaneda.com,+7 (973) 622-45-23
2df7a7c0-a05c-478c-ad00-c5f00239da9f,Попурри,Compatible bandwidth-monitored alliance,1867,joann46@ho.biz,+7 (985) 257-13-14
6cb92d43-f861-454c-942a-8d3f40e19a4c,БОМБОРА—,Fundamental needs-based projection,1969,diane99@mcdowell-howard.info,+7 (919) 822-41-61
a0ab2207-fadb-4e94-86f3-6aa720537307,б.и.,Monitored motivating implementation,1896,coxronald@vargas.com,+7 (909) 191-59-86
81097354-58fc-4783-b439-0fbdf890831d,Grafton Books,Customer-focused analyzing help-desk,1989,qmartin@lawson.com,+7 (991) 639-20-65
25e3b7b1-20d2-455f-9712-8c0fb7a08e3f,Издание книг.ком,Front-line bifurcated throughput,1942,lindseyking@hansen-kelley.com,+7 (998) 600-88-80
d08ece01-e13d-4167-ae82-3e12564b8f7c,Гос. изд-во,Mandatory 5thgeneration moratorium,1922,vhorton@baker.com,+7 (901) 940-95-65
48c31c3e-4665-47ef-b63f-a44e0da79880,Выща школа,Team-oriented multi-state data-warehouse,2014,mark84@webb.com,+7 (946) 480-34-42
afc085ec-06a6-401b-a272-3faea1c15408,Urania,Focused bi-directional standardization,1978,amanda40@combs.net,+7 (958) 787-76-69
605cc9c2-a472-47a9-ae99-6516eb32ef1c,Прайм,Self-enabling holistic open architecture,1930,richardsonmatthew@benton.com,+7 (983) 848-21-37
1ec1d7f1-6271-4c81-bbba-8b79fefe0ea0,АНС,Re-contextualized non-volatile challenge,1881,glenncaleb@shannon-clark.biz,+7 (989) 354-26-58
628e5685-4c99-4313-bea5-0cd6c3f355c5,Всемирная организация здравоохранения,Face-to-face content-based database,2017,amy58@bowers-cooley.org,+7 (961) 188-64-41
c7282175-1fb9-4834-a4aa-592b3675163b,Kosel,User-friendly regional projection,1911,katherinebrown@morrison-shepard.net,+7 (916) 502-17-24
693c453b-d824-4bc4-9876-b41cdc7322e3,Vermilion,Open-source fresh-thinking challenge,1908,brandicline@collins.com,+7 (930) 900-20-94
e08c9b30-5fbb-4707-83cd-197a06c225e4,Bantam Books,Organized content-based archive,1928,maysvanessa@jones.com,+7 (906) 715-45-31
293e99e7-1caf-4199-853c-ab24239d1dbd,Dorling Kindersley,Decentralized needs-based approach,1899,lisa86@nichols.com,+7 (939) 583-79-20
d43924b3-3a03-4b00-95cf-b8bcdd696da0,Alpina,Distributed reciprocal product,1972,edwardsmegan@jenkins-scott.com,+7 (922) 213-94-71
2180d414-5d5b-4fc1-a672-c08caa59c544,Прогресс,Triple-buffered hybrid groupware,1972,bnash@dominguez.com,+7 (957) 505-95-80
5a79e101-a040-49f0-a92b-73eedea4ebef,Азбука-Бизнес,Synergized clear-thinking matrices,1897,mendozaandrea@keith-boyer.com,+7 (941) 906-64-17
a948ce4f-2b0c-4858-ba4c-b3231214aa5e,"Музей современного искусства ""Гараж""",Future-proofed stable methodology,1898,xmullins@lane-wilson.com,+7 (960) 633-39-50
ddea2ff7-4a0d-47ae-b4fd-ad7f3e5371d7,ИП Петросян,Upgradable optimizing workforce,1946,davisdebbie@walker.com,+7 (942) 308-69-98
0c4c4918-f6d6-4db0-92a9-61929fed7966,Изд-во Томского университета,Polarized dedicated hardware,1907,sduncan@lewis-humphrey.com,+7 (930) 989-92-73
800553dc-18af-4b0d-9d04-c3eb71048876,РУСАЙНС,Robust multi-tasking toolset,1852,timothycross@powell-cortez.org,+7 (971) 371-34-66
fa2f9cba-8c2b-46f1-b7e4-fe6e85c3bbb2,Родина,Enterprise-wide multimedia solution,1930,johnstonlisa@lopez.com,+7 (901) 828-79-68
7d179ba1-b027-489e-b257-bad8c3eb6ae5,типо-лит. т-ва И.Н. Кушнерев и К`,Synchronized uniform parallelism,2013,robert21@gibson-simmons.info,+7 (948) 661-50-71
3c8249a0-cfd5-41b1-879f-612914af4719,Аудиокнига,Assimilated 4thgeneration leverage,1870,dsimmons@ball.org,+7 (955) 588-29-16
ac02dc33-319f-4007-9bbe-67076e0f1851,Dunod,Profound didactic structure,1867,wmiller@snyder-garcia.com,+7 (934) 379-13-88
af2d6074-08a7-45d0-a594-7a84eab858fd,Oxford University press,Grass-roots static protocol,2013,richardhenry@cox.com,+7 (948) 967-22-84
7d1c508b-cc65-476e-8fc4-b79273d886eb,Bonechi,Grass-roots dedicated alliance,1860,sdavis@brandt-parrish.info,+7 (906) 667-42-10
9ef3aa49-a775-4f74-986b-5f8abc471a15,Thomas Nelson and Sons LTD,Integrated next generation open system,1976,goconnor@hall-russell.info,+7 (913) 750-18-72
cc305370-5233-46c4-9dc5-427d23b42c4a,Osprey,Seamless incremental neural-net,1957,nvasquez@petersen-chapman.com,+7 (987) 888-73-60
0f5f04f6-c130-4684-8a56-acac8f9e02df,Houghton Mifflin Company,Robust executive initiative,1893,bennettderrick@evans.info,+7 (981) 238-41-54
57fae10c-7562-4f3f-9d3a-d00030ca23ea,Задруга,Optimized encompassing hardware,1852,angela96@williams-morton.com,+7 (904) 664-44-50
d985e423-e652-4781-b42b-5bc429ba08a4,Л.Ф. Пантелеев,Secured non-volatile budgetary management,2005,kylegregory@powers.com,+7 (902) 186-55-15
390ec3e1-68cc-4e31-9f20-60aba932036e,Департамент народного просвещения,Customizable needs-based intranet,1935,briggsedgar@taylor.info,+7 (990) 532-54-22
62fee48c-be2d-4f52-9391-5c26fb646f5e,Издательство Академии наук СССР,Open-source value-added methodology,1993,wongcrystal@fuller.com,+7 (931) 726-45-14
032c4cb8-979d-4716-b6fd-d61f86110353,А.Ф. Маркс,Progressive bifurcated support,1899,jamesescobar@stone-molina.org,+7 (935) 446-81-49
ad3d89e2-2c2a-402f-9901-e1a8f80ba01d,Эден Ланди,Enhanced asynchronous core,2009,joshuagarrison@lee.biz,+7 (945) 736-55-62
f1cb423f-9eb3-4042-8050-9bca6f59404c,Международные отношения,Public-key grid-enabled Local Area Network,2009,lunavickie@russell-jones.com,+7 (928) 722-71-25
7d8939c8-6db5-4435-b727-73a498c879d7,Социально-экономическое издательство,Distributed intermediate migration,1934,yrodgers@stone.org,+7 (975) 516-27-20
55f1a61a-73d5-41fb-a5c4-feb453d1e221,Гослитиздат,Phased transitional core,2022,nicholslarry@wagner.com,+7 (961) 847-55-48
d1a20775-df67-477e-b4c4-2ed0cd37fd82,Academia,Phased reciprocal alliance,1889,christinewallace@valentine.com,+7 (914) 937-88-68
8482231d-c153-4219-a0e6-18a7d5f931cb,Книга и бизнес,Open-architected modular Internet solution,1930,christopher87@miller.net,+7 (946) 105-88-49
ae5624fd-7237-465f-9783-d9871b340633,Издательство ПетрГУ,Multi-channeled analyzing pricing structure,1918,gthompson@dominguez.biz,+7 (934) 416-95-17
24805719-b969-4963-83c7-0249c8f2a3f5,Яуза-каталог,Triple-buffered national open system,1952,ryanbean@houston-davis.com,+7 (952) 819-29-26
49c5957e-1f21-4117-b5b3-8b9a8a59c773,Geleos Publishing House,Digitized intangible productivity,1903,ehartman@blankenship-olson.com,+7 (927) 361-90-17
af75b314-2fc2-41f9-9115-5cd4a6657930,Молодая гвардия,Integrated next generation hierarchy,1899,abigail75@russell.com,+7 (965) 968-87-85
637f4cd9-e8cc-4e2a-95e4-929ff496682c,Академический проект,Fully-configurable zero-defect initiative,1960,qparker@johnson.com,+7 (933) 310-39-55
8b51d373-1787-4656-936d-3620ae2a1ab6,Яуза,Programmable high-level knowledgebase,1895,rochajoel@gilbert.com,+7 (928) 635-40-15
f2f7b0a7-b3ac-460f-a09d-01c1289d1b16,Ильин А. В.,Universal asynchronous strategy,1931,tsmith@perkins.com,+7 (928) 343-29-64
0aab6eff-1f9f-41f6-8dc5-f22dea253efe,"Коммерч.-произв. центр ""Тонар"" Сов. фонда милосердия и здоровья",Programmable non-volatile extranet,1867,xjohnson@bennett.biz,+7 (935) 100-36-20
580f96f7-2aae-4b04-8500-7949996c23d7,"Издание Московского Книгоиздательского Товарищества ""Образование""",Multi-layered well-modulated protocol,1920,redwards@davis.com,+7 (940) 897-70-62
9b2d752f-ed8c-4e1c-82ac-8ce387bba8b4,Ленанд,Customizable reciprocal emulation,1896,bryan25@mitchell.com,+7 (993) 972-29-30
d1c2f6c7-cde0-4a38-a454-1e293ae397a2,Российское военно-историческое общество,Mandatory human-resource neural-net,1861,ylong@cochran.net,+7 (994) 732-88-99
c7d6c013-18bf-4b4e-bf39-20a8fdb8b22d,Алгоритм,Pre-emptive 6thgeneration system engine,1878,hodgekevin@warren.net,+7 (941) 860-56-74
ce7052ce-d64e-4c9d-9b28-a451f2219fcc,Орбита. Моск. фил.,Persevering intermediate hub,1998,tiffany83@thompson.com,+7 (953) 331-47-49
dce075a1-52d1-4988-8cea-7b84ff881b91,"НПО ""МАДА""",De-engineered tangible customer loyalty,2023,jameshumphrey@gomez.com,+7 (985) 487-47-43
cd46a218-4e7d-4af1-912e-119ae27770df,Интербук,Team-oriented human-resource hub,1958,mendozasamuel@collins.com,+7 (970) 893-92-31
48ca0aef-74ca-45e0-8ea0-9530668d994a,"Товарищество ""А. Н. Сытин и К`""",Secured optimizing application,1879,atkinsonerin@benson.com,+7 (922) 648-35-55
b15c96d5-ea01-4922-8371-a5adb80b543f,Сов. писатель,Configurable fresh-thinking capacity,1900,utaylor@weber.com,+7 (962) 923-68-70
79d44d11-a8bc-4861-8d6b-70bb7618fa85,Зебра Е,Balanced asynchronous moratorium,1946,johnhicks@singleton.com,+7 (991) 996-80-65
9df5bdde-5f34-44b4-8446-71a65febedc5,Вагриус,De-engineered system-worthy knowledgebase,1979,tammynolan@bass.org,+7 (921) 879-32-40
224a7df8-bdb9-46c1-a502-095ecea197d4,Новое время,Open-source radical initiative,1951,kpark@smith-johnson.com,+7 (940) 382-82-16
9012f201-ac19-48ea-94b0-df35f2fb0731,ИТРК,Grass-roots contextually-based Graphical User Interface,1972,daviddavis@brown.com,+7 (948) 587-23-30
7b06e282-7152-4934-bf18-cc7e47b00a4e,РОССПЭН,Balanced coherent artificial intelligence,1948,shartman@watson-snyder.net,+7 (987) 482-17-37
814697e6-1ac1-409c-b41b-115ea9a6fe05,Социум,Exclusive transitional support,1893,rodriguezelizabeth@bruce.net,+7 (922) 672-52-73
00dbc476-a5be-4f60-927c-4aa5a683a6cb,"ТОО ""ЭЛКО-С""",Realigned foreground policy,1873,ann42@andrews.com,+7 (972) 703-57-96
c5ac2bc9-ddf9-4660-aa1e-f1df8e3421e2,Яуза-Каталог,Persistent leadingedge policy,1880,jameslambert@gentry-ferguson.com,+7 (920) 622-88-65
15415939-fb64-4a28-9f2d-1fc1440ec550,Акопов,Customizable intermediate solution,2020,owenjames@dickerson.info,+7 (904) 412-72-34
60dd385a-ef0a-40d5-babb-8e32ea82241d,"СП ""ИКПА""",Extended transitional middleware,1994,harrismichael@barry.com,+7 (984) 488-76-87
0b0d76d7-c1f7-48fc-92bb-ab5bfc08427e,Правда,Ergonomic attitude-oriented hardware,1939,jose75@turner-wong.biz,+7 (994) 217-50-97
d3c303ca-e26c-446f-89b0-e6bc943f12be,Изд-во АН СССР,Persistent radical support,1903,meadowsalicia@moreno-grant.net,+7 (940) 280-55-40
56ba0c0a-43d2-4fe0-ad72-7c7a55688553,"Азбука-Аттикус, Колибри",Synergized 6thgeneration Internet solution,2016,jsloan@bryant-dickson.net,+7 (993) 948-59-80
0a5a25c0-cac1-4238-9985-f8869fa58ce6,Yale univ. press,User-friendly neutral synergy,2008,jacksontina@valdez.com,+7 (940) 993-92-12
314cbd84-b774-4d4d-b225-ac9327689eb1,Наука. Ленинградское отделение,Virtual even-keeled portal,1954,cathy26@martin.com,+7 (924) 927-54-37
c327fa7b-4a2f-40a9-83f7-91fa26803e6c,Corvina,Ergonomic actuating forecast,1976,jasonryan@conley.net,+7 (979) 474-71-96
8e83824f-8d77-4c7e-82e7-564d6101e810,Кучково поле Музеон,Face-to-face multi-state orchestration,1988,philliphensley@davis.com,+7 (928) 694-51-40
91c52ffb-90ed-4bc1-b07b-1094da7680d3,Reclam,Public-key intangible conglomeration,1889,mcooper@kennedy.org,+7 (978) 819-58-50
2d558dc7-5811-495f-a535-5ad8a5a12da8,Veb E. A. Seemann,Reactive value-added database,1955,vanessa57@davis-jackson.biz,+7 (952) 740-49-82
c091ebf2-72e3-4771-a981-2c2c334303e6,Издательство Молодежи,Diverse global challenge,1981,tmoore@hale.com,+7 (957) 776-24-89
d185c189-6c8e-47c1-ab54-b1b5ff17f697,Азбука,Devolved empowering customer loyalty,1886,amber86@johnson-lane.info,+7 (971) 312-99-66
70c28b8f-7715-4009-8518-05b3f97ed0fc,МИФ,Balanced even-keeled utilization,1929,mfernandez@stone-dixon.com,+7 (902) 803-73-69
d159961b-3ff8-4654-aad2-51f10386ef14,W. W. Norton & Company,Open-source local encryption,1940,mikedavis@miller.net,+7 (937) 533-69-80
196cb200-7eb7-47b8-8e48-71eeae70a070,Изд. дом Государственного ун-та - Высшей школы экономики,Vision-oriented context-sensitive frame,1938,strongjoseph@gonzales-davis.com,+7 (983) 390-77-55
786d2512-ad90-4359-a68a-16c01eba4675,Buch u. Zeit Verlagsgesellschaft,Proactive multi-state superstructure,1914,ievans@harmon.com,+7 (934) 218-12-34
e3333008-568b-46b2-a215-ee2d556a8fdc,UNITY-DANA,Networked scalable circuit,1902,emily39@chen-evans.net,+7 (935) 337-88-87
9d6a4f9c-be1d-4d4f-968e-450ecbe18d3c,Госиздат,Multi-channeled directional architecture,1974,ipowell@campbell-sosa.org,+7 (937) 932-91-52
61e7eee6-7f44-430e-81ea-1f076e7c3a23,Основа,Networked dynamic focus group,1921,rojasmegan@rodriguez.info,+7 (902) 836-87-24
8131a32f-38e5-443f-91be-cd726753eb16,Трудрезервиздат,Cross-group multimedia collaboration,2017,millerkent@lucas-pearson.com,+7 (907) 153-75-17
87adbccd-87da-491c-a920-ed27e42d085c,ЮНИТИ-ДАНА,Re-engineered secondary budgetary management,1915,dawnbaker@salinas.com,+7 (988) 601-84-33
5400d062-a5a3-4e92-88ce-5e0659e94415,Прометей,Integrated analyzing approach,1963,lindakim@watts.info,+7 (996) 672-26-91
60f13023-1c74-4bb4-b957-49c034c89520,Wisemen BUSNESS EDUCATION,Intuitive bottom-line implementation,1916,alyssa44@harper.com,+7 (986) 326-92-82
b38ca3c3-321e-4ceb-8cd0-602364ee154c,Бератор,Right-sized static hardware,1882,valentinerhonda@ramos.net,+7 (971) 413-75-58
527cbb73-41a4-4eaf-8d4b-a1e81114772f,ГУЗ,Centralized contextually-based paradigm,1879,blackwellerica@burgess.com,+7 (948) 193-69-74
17b6c0fd-d83c-4f76-91e4-609cf14376db,Колос-С,Realigned multi-state policy,1868,garrettpowell@vasquez.biz,+7 (955) 281-91-47
34d4fe43-94bf-4122-9037-a03f74c6f4b8,Дело,Future-proofed coherent workforce,2012,mary35@stewart.com,+7 (937) 657-50-98
d36d455b-d01d-4e03-891f-e83be018a3e2,Дашков и К,Digitized optimal data-warehouse,2003,frank35@brown-soto.com,+7 (945) 735-11-85
40b949e4-51d7-48c1-84af-1394090a748d,Юстицинформ,Devolved neutral data-warehouse,1972,marie90@ayala-blevins.com,+7 (927) 241-67-57
cdf8dbe8-3aeb-42ca-970b-60f972219138,Альпина Паблишерз,Upgradable grid-enabled firmware,1923,fosterlouis@perez.net,+7 (915) 660-96-35
c8f6c527-a5d4-4d7d-a0d4-7b9cdabaab8c,Шанс,Devolved bottom-line firmware,2021,williamwright@mejia.com,+7 (974) 985-70-31
b6cef4d1-b928-42d3-84d2-93c004780c34,Blackwell,Grass-roots attitude-oriented info-mediaries,1958,cynthiaprice@lin.com,+7 (965) 275-70-12
d96a8ddf-0c93-4c67-8960-bf497ec6afd1,ИРИСЭН,Enhanced optimizing encryption,1871,levans@hudson.org,+7 (980) 353-30-27
a51c3666-5e63-4d1d-b893-5c0bae65a6ef,ФЛИНТА,Multi-layered intermediate model,1957,parkerbrittney@lewis-hall.com,+7 (971) 564-49-45
0e2436f2-0b94-4052-a200-008710da1bc3,Пальмира,Enhanced local process improvement,1894,mhill@gonzalez.biz,+7 (965) 561-66-83
8c246d46-83e7-4c97-bc7f-6ca3429ddaba,Мысль,Object-based systematic analyzer,1992,spearskimberly@conrad.com,+7 (996) 126-67-44
46c57013-8717-46f4-8514-c146ca0a87c7,Penguin books,Open-architected neutral open architecture,2000,lnelson@davis.com,+7 (990) 404-18-63
17135394-8c99-4afd-bdd8-ba9840894ccf,Государственное издательство,Monitored full-range hub,1880,qavila@jimenez.com,+7 (986) 916-30-23
eaf56591-cebb-4d04-9dc6-dc0e8a2fadce,Penguin Random House,Customer-focused 24hour budgetary management,1912,cooperjesus@curtis.com,+7 (952) 273-91-61
3bf90fcc-ad83-4bce-ba60-d7f0379fecfb,Аспект Пресс,Grass-roots mobile definition,1907,kelseyrocha@greene-lawrence.org,+7 (967) 192-96-42
9b06ebcc-7240-40db-90f6-5aa3160b535d,Академия исследования культуры,Balanced human-resource access,1867,cdunlap@king.com,+7 (977) 103-29-93
ac41d84e-4c7c-47b0-9a47-d20c4ecdaadd,Progress,Front-line disintermediate interface,1903,martinguy@perez.com,+7 (908) 189-86-67
1dce7251-8df6-408e-9da4-dc10fd0d6c1e,Весь мир,Mandatory dynamic policy,1884,antonio44@gross.com,+7 (926) 301-22-85
71fbe5f1-6185-4074-baf3-33fe13aae530,КРУГЪ,Cross-platform uniform system engine,1892,whudson@garcia-perkins.com,+7 (971) 656-27-38
f559e45b-cb31-4aa2-9a6f-41d4f90f7805,Говард Рорк,Synchronized user-facing installation,1936,john40@huber.info,+7 (995) 766-56-80
3a6bcbd2-9b1b-4442-b4c7-b74a6ac6f8fe,КнигИздат,Triple-buffered content-based core,1876,ihodge@jones.info,+7 (984) 211-13-91
56ac7aec-4019-478a-9174-dc06a80102c8,Издательские решения,Up-sized system-worthy algorithm,1916,heather74@thompson.com,+7 (984) 429-74-54
3153a809-28c8-4c98-a1b0-9a67cbbd5e11,Логос,Mandatory disintermediate website,2023,vdixon@moore.com,+7 (925) 501-72-26
deda98ce-95df-4a7e-a492-601ae82b9971,Горячая Линия - Телеком,De-engineered encompassing artificial intelligence,1877,timothybuchanan@johnson.net,+7 (953) 571-77-41
70548ff0-7e66-4bfa-a908-d6ebcef43149,Абрис,Fundamental needs-based flexibility,1905,sawyerjoy@smith.org,+7 (949) 201-91-39
dc7287eb-35ee-4f25-a556-ee30e34b0fe3,КомпасГид,Adaptive mobile solution,1980,sarahwagner@martin.info,+7 (929) 483-11-65
7be43084-836c-4b1a-9654-2b75f5059b4b,Macmillan Publishing Co.,Right-sized secondary projection,1856,thomashernandez@daniel.com,+7 (975) 439-87-40
ee7c34c4-6c08-465c-8dd7-0349fd52e515,Кванта,Innovative bifurcated productivity,2011,zjones@gonzalez-shelton.com,+7 (935) 675-30-57
5820242c-2c5f-4e3e-94a9-ba65e868af3a,Mir Publishers,Vision-oriented asynchronous moratorium,2001,gardnerbrandon@blair.com,+7 (905) 949-80-13
4d971903-de4e-4ace-b540-aade20fc8b8e,Orbis,Extended dedicated neural-net,1859,frodriguez@thomas-richardson.org,+7 (956) 191-31-77
fe2ae342-4b9e-420c-bd18-68d1132546a6,IPC. Inter Press Corporation,Triple-buffered fault-tolerant project,2000,marthaphillips@lewis-scott.com,+7 (966) 122-99-31
ced50439-2417-405c-ab93-b0a970e9486b,Turttle-IPC,Secured solution-oriented structure,1858,ybrown@peterson.com,+7 (907) 645-76-83
a25aa36d-df51-4ab3-a8b5-3411c9bdde8f,Норма,Expanded fault-tolerant groupware,1910,lynn68@cook-smith.com,+7 (944) 817-98-52
0c6932da-b6cf-4efc-9280-d75be7a749ae,Статут,Synergistic asynchronous interface,2022,lindsaydyer@dennis.com,+7 (994) 452-61-23
72c97057-f107-4fec-982d-bc97c14de853,Издание Верховного Совета СССР,Networked encompassing database,1852,millertaylor@harrell-serrano.com,+7 (966) 528-72-43
09470d2f-df1b-45a3-83ae-4c1e313f6134,ДИС,Distributed 24/7 project,1923,willishayley@martinez.info,+7 (990) 227-95-63
40cdc62c-0b42-4b42-9afe-40a46c66787a,Тихомиров,Integrated systemic approach,1980,mcbridedeborah@joyce.net,+7 (948) 228-46-53
703b9a3b-638b-4643-ba58-dcc5e83cf8a9,Гранд,Front-line uniform approach,2004,angelasullivan@smith-henry.biz,+7 (931) 939-20-71
6b5ebf5c-9538-4d70-8809-570946ce37cb,Волтерс Клувер,Phased upward-trending archive,1867,christopher62@stuart.com,+7 (940) 756-84-68
41414b43-17b6-4f8c-99e3-f530da8a47f1,БММ,Open-architected well-modulated concept,1966,denniswilson@taylor-ferguson.com,+7 (994) 254-38-54
1762921d-7ff4-4330-98de-b1cfcb0e3d5d,Комсомольская правда,Devolved system-worthy frame,1975,pscott@watts-shepherd.net,+7 (959) 898-79-20
d9b9ee8e-4ae0-4c69-8f8e-4b41df42dec5,Юридическая литература,Adaptive well-modulated paradigm,1992,gregorywilliamson@rogers.com,+7 (988) 374-99-10
3813c8b9-2df8-4b5d-ad6f-dbe9fa96801a,изд-во и ф-ка дет. книги Детгиза,Implemented content-based interface,1994,apage@bridges.biz,+7 (966) 415-32-76
2b9ffe00-1d9f-41f6-98ba-a313432382ba,ОНИКС,Robust neutral collaboration,1940,flong@snyder.com,+7 (911) 412-21-88
2178d0d2-8cc7-4fdf-9a27-837244f6bee1,Русич,Optional system-worthy success,2007,beardstephanie@perkins-paul.com,+7 (969) 374-29-77
b3265bf4-a35d-4dec-a396-80ebb74e2f59,Полигон,User-centric national circuit,1894,zmorgan@jones.com,+7 (931) 779-64-14
44bc6b59-02e7-4328-a69d-01d23be6fdac,Воениздат,Ergonomic real-time application,1922,rdixon@anderson-oconnor.com,+7 (922) 994-18-70
29c225b5-1bd9-4d10-8122-af1f1ef54d7e,Академический Проект,Balanced even-keeled model,1961,barrjoseph@davis-barker.com,+7 (977) 672-60-40
a04f2ca4-0b3b-47d8-99b3-2ac5b549af38,Центр гуманитарных инициатив,Realigned value-added budgetary management,1934,maldonadodonna@marshall.com,+7 (989) 489-71-59
053c56cb-9861-437c-ae15-7857bdcb0269,AdMarginem,Inverse cohesive budgetary management,1886,zcastillo@johnson.org,+7 (930) 517-35-75
98db7adc-f8cf-4ada-a05a-6cb051563e01,Akademie,Mandatory composite project,1853,michaellong@weber-allen.com,+7 (932) 572-23-98
446724a0-8811-4897-b2df-b02554912e21,The university of Chicago,Sharable background parallelism,1980,zroberts@mcguire-tran.com,+7 (950) 528-65-30
593d4bb5-fb92-4ffd-996a-7e036d2ee5d0,Образовательные проекты,Vision-oriented 4thgeneration Graphic Interface,2015,meltonemily@hernandez.org,+7 (971) 516-33-33
4e9dedd2-0a7b-45dc-b38a-290369dcb2ba,Nathan,Reactive uniform encryption,1979,ccarrillo@nguyen.biz,+7 (943) 688-58-10
7c73a825-f5c2-4ecd-a453-7df166f036a1,Cambridge univ. press,Re-contextualized static encryption,1851,mason05@foster-lewis.com,+7 (903) 573-20-52
39dd9fe5-3201-456e-a042-a11b616babb5,Volk und Wissen Verlag,Innovative mobile software,1850,nathanruiz@pineda-richards.com,+7 (918) 774-43-76
3ce7a11d-c54c-404e-a2c7-4f86534a328a,Luchterhand,Visionary homogeneous time-frame,1979,felicia23@walker.com,+7 (930) 815-91-41
e90ce920-12ca-475a-b47a-9aff19dd0059,SovaFilm,Organic upward-trending monitoring,1909,elizabethwarren@brooks.com,+7 (947) 829-69-36
18886d5e-6ed9-4ea7-9f0d-4595a201f79f,Сова-фильм,Expanded well-modulated contingency,1885,williamedwards@frank.net,+7 (983) 442-99-40
e9d8f79a-19ee-484a-86bf-5cfaed8e564f,Галактика,Quality-focused zero tolerance hierarchy,2010,tinabarker@rosario.org,+7 (986) 840-77-57
abc1663f-a092-45a9-b5f7-1253563d5383,Солон-Пресс,Re-engineered discrete Graphic Interface,1887,lisalarson@lewis.com,+7 (908) 766-63-49
652d1098-0cc6-44cf-ba56-e5bbc3cda0e6,Учитель,Sharable coherent focus group,1915,lauriespears@hall-king.biz,+7 (968) 789-18-58
e1740a1b-e0ae-421c-be85-1220b06b8891,Детство-Пресс,Proactive optimal adapter,2002,jacobgriffin@evans.com,+7 (988) 494-89-48
8422ae92-8548-4651-9743-198594290fd9,АльпинаПаблишер,Ergonomic system-worthy challenge,1893,katie95@nelson-pruitt.info,+7 (935) 660-42-82
eca56b54-5e8c-49cd-91b4-31ce08b324fb,РГБМ,Polarized solution-oriented core,1996,nguyenelizabeth@fernandez.biz,+7 (943) 389-25-21
bd487cd0-c320-44a0-acec-8d0451df1254,"КТК ""Галактика""",User-friendly homogeneous website,1965,scottmcknight@williams.com,+7 (968) 954-13-81
0149c232-79d2-4b1d-990c-546c50d633e0,НКЦ Образование,Inverse intangible project,1861,brian38@ryan-olsen.biz,+7 (977) 665-78-67
6f55fca9-118d-42af-b30c-8e6a2e961070,Клевер-Медиа-Групп,Visionary 4thgeneration firmware,1982,sheltonwilliam@mccall-martinez.com,+7 (921) 787-62-65
84637c7d-590c-4aa2-aa25-645c2732f1fb,Освiта Украiни,Exclusive bandwidth-monitored Graphical User Interface,2017,thomaswilliams@pittman.com,+7 (979) 149-66-69
15feac76-d86b-4b71-b63a-427f6b1e24ee,АПН СССР,Universal systemic data-warehouse,1875,jeffmills@davis.com,+7 (965) 131-75-98
f0c3ebb8-64b3-43ad-b9ee-12784cd1fb99,Изд. П. Сойкина,Monitored actuating matrix,1914,lrice@bonilla.biz,+7 (942) 912-18-62
1e133835-d7be-4ff6-bc94-e11999d56a1d,Красная Пресня,Versatile multi-state help-desk,1874,andrewjohnson@gallagher.org,+7 (981) 856-22-56
eead693f-c937-45ee-8af2-219867ca1583,Труд,Progressive tertiary productivity,1943,chadriley@gibson.com,+7 (900) 583-54-11
6cfc4d11-d74a-42b9-a2ea-025c6e17929f,КАРО,Realigned tangible process improvement,1969,yvonnebrown@carpenter.com,+7 (920) 196-73-13
5a894f5e-2851-4e3a-a749-40f687ebd5ec,Вища школа,Stand-alone disintermediate time-frame,1940,hmendoza@garcia-mcclure.com,+7 (965) 881-78-92
c3ce7ac8-afcd-453b-96ee-6fc3e0468672,Арена,Ameliorated leadingedge implementation,1873,melissa00@cochran.com,+7 (991) 741-99-24
baf1072a-2108-4aa3-a9e1-e064cd941084,"УЦ ""Перспектива""",Quality-focused asymmetric migration,1918,mackenzie70@smith.org,+7 (961) 885-31-33
d9160135-ccae-417d-9f6b-245f45eae57e,ВАКО,Programmable disintermediate matrix,1936,elizabeth05@davis.org,+7 (920) 409-92-45
d766990b-dec3-434b-abc1-ceb5b56a4092,"Изд. газ. ""Старорусская жизнь""",Seamless even-keeled application,1855,kenneth71@ali-rubio.com,+7 (970) 529-56-69
57c10ddf-ad77-4781-95a9-0a44b378e43b,Полиграф сервис,Cross-platform coherent definition,1873,sherrygarcia@gray-mcmahon.com,+7 (940) 617-87-42
51c0cb5e-fd8e-4817-82e1-3e17502644a1,Попури,Object-based actuating architecture,1972,vrichard@bradley-oconnell.com,+7 (923) 134-48-54
e850f6de-88d7-4198-87df-09e853c99b3b,В. Секачев,Universal uniform emulation,1920,otate@green.biz,+7 (936) 836-10-34
f4db917a-d97e-47ad-b06d-728f9236dc51,Министерство просвещения РСФСР,De-engineered multimedia hierarchy,1952,nicholasmaynard@garcia-walker.net,+7 (984) 295-12-56
2f1b677f-7498-46c4-bd11-3c7fe5be7248,Ресурс,Devolved real-time extranet,1936,ereid@morris.com,+7 (941) 320-85-83
79d91fa1-dba9-4866-ad52-25dd6dca5231,Азбука Бизнес,Compatible attitude-oriented encoding,1971,blakejacob@alexander.org,+7 (958) 826-73-53
dfcf6b3d-8137-4944-9f41-802e07be22e4,Progreso,Organic modular artificial intelligence,1981,sstone@adkins.org,+7 (947) 887-11-21
79acd1a2-336f-4cb6-b044-d6f080f6360b,Терра-Спорт,Stand-alone 4thgeneration attitude,1862,sthomas@stewart-doyle.biz,+7 (976) 669-62-10
0c68cac4-7831-4fa3-9b3b-6fc2b7e54af9,Человек,Multi-channeled needs-based algorithm,1940,stephanieturner@kelley.com,+7 (930) 331-90-30
5412f991-4749-4e2d-94e4-304dac800d83,Мартин,Profit-focused exuding hierarchy,1865,margaret04@winters-lucas.com,+7 (920) 357-21-95
004d1232-c9eb-4861-9ab9-443d8219a33b,Olympia,Persistent 24hour Internet solution,1880,erikkidd@davis-wheeler.com,+7 (972) 910-68-43
cd02b095-9b5d-4605-89ff-10c39c2c62ae,Sportverl.,Inverse full-range utilization,1979,gentryanthony@andrews.com,+7 (942) 704-63-70
509f60fc-0114-42b8-beef-75f4da7e4dac,Сов. спорт,Reverse-engineered uniform firmware,1893,johnsontodd@ramos.com,+7 (945) 835-15-92
a56977d8-eca3-4b43-81fe-a482a3f5b7ad,Sportverlag,Organized executive project,1993,guy09@robles-benjamin.info,+7 (919) 341-48-54
d7053936-875c-4543-8155-aec0e061472f,Chess endgame consultants and publishers,Progressive demand-driven functionalities,1937,porterelizabeth@rodriguez.com,+7 (939) 549-60-81
9701ef8b-8c23-4074-ab28-631d1c44851a,Физкультура и туризм,Realigned explicit structure,1997,simmonsvanessa@brock-hall.biz,+7 (938) 509-41-29
b1d74687-5225-4142-b623-f45b48a7bbb9,Полымя,Advanced high-level benchmark,1916,rhughes@harrington.com,+7 (902) 525-40-90
4360a8f7-fdbc-4d94-a3ae-025aeb75d541,"Редакция газеты ""Культура""",Sharable systematic process improvement,1978,nicolastaylor@carr.com,+7 (923) 850-98-63
cc84fa9f-f538-4710-b5a1-d69f71a3a274,Литера,Ergonomic upward-trending utilization,1872,robin31@ortiz.com,+7 (981) 730-90-34
8c3f6377-c39a-44d8-b291-0f7aa8d0f18d,Simon & Schuster,Synchronized didactic policy,1903,kelly89@hall.com,+7 (995) 477-12-21
7cf119ed-8b78-4d19-8a9e-d6c0282a8661,New American Library,Optional tertiary project,1895,bullockemily@gutierrez.org,+7 (933) 355-49-54
bbffb899-ab34-4492-8738-89e810cd8c4a,Новый Геликон,Compatible encompassing encoding,2020,gomezandrew@osborne.org,+7 (936) 624-22-32
b84fcdb7-0e1e-47e0-9a6e-c28e1aa0f020,Фаир,Networked heuristic success,1993,robertjennings@prince.com,+7 (938) 966-14-75
aea24a3b-5e20-4579-89f5-569615d0b916,Талка,Intuitive systemic Internet solution,1951,donnanichols@barker.com,+7 (908) 100-83-86
f2c00ef8-5d5c-42f9-bba8-453ad870c314,Верхне-Волжское книжное издательство,Balanced dynamic website,1967,dsuarez@williams-taylor.com,+7 (950) 516-61-58
12ba563e-9419-401a-82ba-454de15d8734,RUGRAN_Пальмира,Re-contextualized bandwidth-monitored task-force,1984,mcdowelllouis@smith.com,+7 (949) 992-89-33
d82ecdc4-db9a-442e-8f28-ed254fbd5ab0,IBH Publishers PVT.LTD.,Profound needs-based projection,1891,amandafuentes@brown-hughes.net,+7 (935) 698-30-21
20844068-b96d-4af9-8e1b-c415fd4a6125,Friedman Group,Triple-buffered 5thgeneration info-mediaries,1928,katherine61@powers.com,+7 (914) 737-26-96
d258ca99-24ee-4ce3-b971-2f89aa7b30dc,PADI,Optimized well-modulated capacity,1963,waltermichael@hardin.biz,+7 (927) 328-32-66
0e0b5fa5-1f24-4192-924c-d59919a5e7cf,HarperSport An Imprint of HaperCollins Publishers,Future-proofed multi-state monitoring,1856,gregoryashley@stevenson-moyer.com,+7 (977) 798-14-50
95d50ad4-2a1f-4a7c-8a21-3c00240f645d,Наука-культура-искусство,Organic stable superstructure,1948,elizabeth68@brewer-weber.com,+7 (943) 541-61-24
a946b32a-0f1b-4409-a3e9-8dc8503785e5,Букмастер,Switchable 5thgeneration toolset,1872,uvaldez@payne-adkins.net,+7 (974) 658-45-79
47c9aa50-ca50-49b0-a202-e53813998cd8,Харвест,Upgradable grid-enabled attitude,2019,stevensvickie@weber-marquez.com,+7 (901) 418-24-64
6a176138-83cf-42c4-a963-cde2c7cee1f3,АЙРИС-пресс,Streamlined dynamic function,1880,joshua22@jones.com,+7 (948) 542-29-25
7394bfad-19e5-4ed1-b88a-79a9a2de6e2c,Спорт и культура-2000,Customer-focused value-added access,1957,lkramer@mooney-garcia.info,+7 (939) 987-54-72
8ea7c276-1012-4690-a1de-43651f3b53b9,Изд-во ДОСААФ,Expanded disintermediate portal,1945,christopher05@dawson.com,+7 (907) 587-46-55
0716e2a2-0ea7-4b30-aeea-ee6aec000fbf,ДОСААФ,Innovative well-modulated artificial intelligence,1941,susanfinley@kirk.com,+7 (999) 470-32-70
a27af71a-3d4b-4122-a713-299567dbdc73,Диалектика,Cloned context-sensitive array,1910,patriciadaniels@miller.biz,+7 (953) 720-14-11
a2d089a1-337b-4a95-9b7b-fb6a30970bdd,Советская Россия,Phased cohesive installation,2008,sherylpatton@hughes.com,+7 (961) 641-36-69
e2d4401d-466c-4284-b3dd-56783884f735,Вокруг света,Synergistic multi-tasking task-force,1996,alyssa22@randolph-cooke.com,+7 (978) 237-66-89
e440d06f-664d-4ce8-8942-19b90c7314a0,Изд-во ДОСААФ СССР,Balanced national paradigm,1940,qross@andrews.com,+7 (943) 529-26-38
10f0ecf4-7753-427e-8443-14255ac4987e,Berkley books,Devolved background attitude,2023,theresajohnson@patel-willis.biz,+7 (911) 300-25-72
7c895de8-244f-4d7a-bcdb-eae096cc2f57,Hatier,Networked systemic collaboration,1898,hopkinsmorgan@murphy.com,+7 (912) 328-56-85
c16a0d0d-80e6-4dfd-9ae9-093c46850829,Гималайя,Secured 5thgeneration infrastructure,1960,michael05@turner.com,+7 (924) 225-67-51
c5e506e4-9dea-44ae-9d1f-86e82e87bcc9,Издательство ДОСААФ,Reduced explicit circuit,1994,robersonbarry@jackson.com,+7 (977) 908-40-85
7c7d0bb4-efce-4ae5-8f86-3c5884899743,Профиздат,Ergonomic attitude-oriented circuit,1968,heather98@jenkins-estrada.com,+7 (981) 807-70-59
0efb4add-79a1-49e8-817f-b9cdcedd508c,Пешком в историю,Reverse-engineered bi-directional product,1938,carrollbrittany@lopez.com,+7 (904) 667-98-40
977dd51c-3930-46ea-b328-2a74bf4fd3bc,Мнемозина,Enterprise-wide interactive framework,1896,elizabethdawson@collins.org,+7 (958) 419-55-22
ed688db0-11cf-41dc-9c49-609a132be592,Балабанов,Profit-focused zero-defect definition,1996,dustin22@cobb-dillon.info,+7 (902) 877-86-24
5adc418b-6404-4043-9353-f2bfaf36596d,LEONARDO,Open-source context-sensitive concept,1901,robert94@king.com,+7 (980) 391-58-78
0d2c19ce-b20c-4f7b-9613-29d44c7bb300,Книга,Adaptive directional portal,1914,cwilson@rogers.com,+7 (999) 490-19-92
70eee713-db9e-49d4-9c79-337d8e5f1a0a,Российская национальная библиотека,Managed disintermediate projection,1910,tracishaffer@levine.net,+7 (951) 316-55-21
64e3648e-4b7e-4c42-9c53-4a78c2584d4f,Книна,Persevering zero administration hardware,2000,nicholeprince@henderson.com,+7 (917) 424-25-79
21d0b50b-403d-41a1-9db6-4169f870f7bc,Corvina Kiado,Re-contextualized static Graphical User Interface,1952,patrick58@kemp.com,+7 (959) 644-14-68
79b95c39-ae22-48cd-9a7e-e5b01bef4fcb,Народна библиотека Кирил и Мефодий,Enhanced transitional emulation,1955,virginiashort@snyder.biz,+7 (941) 241-24-48
cf9c61fe-4302-4038-a11b-376db297bd43,БАН,Function-based interactive task-force,1851,tabitha40@robinson-smith.com,+7 (999) 487-16-46
78c27469-a077-4608-980e-cb70eae4ee90,Изд-во МПИ,Distributed intangible interface,1888,franklinlindsay@nichols-goodman.com,+7 (928) 939-76-80
6e710be4-e2d5-402b-bfbe-2634d9150967,ПИК ВИНИТИ,Profound system-worthy data-warehouse,1955,josephmorales@wilson.com,+7 (966) 964-95-27
8c18fbb2-6c2f-41c6-bea6-e85b1b75b53e,Edition,User-centric contextually-based collaboration,1850,buchanankevin@torres.net,+7 (993) 375-27-33
6f4d37ec-7d31-4bbf-a5ef-56b893537b54,"ФГБУН НИЦ ""Наука"" РАН",Right-sized client-driven challenge,1867,simmonsjacqueline@roberts.com,+7 (935) 519-36-18
27e601a9-ec9f-479f-bd8f-833b03c3c12e,Библиомир,Innovative heuristic projection,1987,josephellis@cohen-williams.com,+7 (988) 609-69-39
48b90eb7-3121-46ef-bb51-795d636c3057,"Издательство ""Либерея-Бибинформ""",Seamless explicit structure,1962,smithjennifer@collins-patel.com,+7 (976) 622-62-18
7f3174ab-5700-41c3-a637-2d020b9cc296,K. G. Saur,Down-sized demand-driven artificial intelligence,2011,fhunter@lee-roberts.com,+7 (986) 565-47-64
cd7a845a-91e8-4a1f-85a1-30765d4ffae5,Всероссийское общество охраны памятников истории и культуры,Realigned 24/7 algorithm,1894,charles85@pace.net,+7 (955) 749-54-25
df3d83bb-d699-4ea5-b53f-a38f3c408eea,Zhonghua Book Company,Re-engineered non-volatile architecture,1918,mooredanielle@valentine-rodgers.biz,+7 (985) 463-71-81
a90d6e94-6af4-4daf-9b88-c4c0bacfbcd1,Вешние воды,Secured intangible middleware,1883,smartinez@diaz-lopez.com,+7 (969) 628-23-31
785a0755-1d47-4a7a-9cad-13878b240540,V-A-C press,Expanded stable knowledgebase,1991,david70@choi.com,+7 (981) 845-59-79
7619d896-6303-4e3f-95d7-3068ae1c72d3,Флинта,Fully-configurable stable alliance,1975,ihall@macias.net,+7 (975) 978-63-29
e194c927-ac92-481c-90f3-f9267ef482d8,Альпина Нон-фикшн,Object-based systematic instruction set,1984,clairewang@gibson-becker.com,+7 (929) 455-50-22
4758a64c-0661-4738-9723-5f823e576179,Bookvika,Secured motivating collaboration,1985,noahburke@martin.com,+7 (919) 753-85-85
1503cf27-9737-438c-b5f1-5f464d39845e,Импэто,Intuitive heuristic framework,1913,robertpierce@williams.com,+7 (990) 815-24-27
0d19f9fe-cae1-4098-8c3c-a7a08d2815ac,Ардис,Upgradable dynamic project,1967,misty10@bowen-miller.biz,+7 (922) 711-14-99
ac3fe1c4-24a2-4bb0-b20e-28ead4f35931,Common place,Expanded reciprocal access,1886,caitlin23@rosario.com,+7 (956) 924-28-16
c7dfb1e9-9b50-496d-95db-90e971773630,ВШЭ,Seamless asynchronous project,2021,kayla54@buchanan.com,+7 (919) 634-65-96
66054752-f343-40a4-bbae-e5221715c288,"Изд. фирма ""Баллас""",Mandatory methodical website,1915,michaelcarr@martinez.com,+7 (904) 458-44-18
ca4b4c5e-e89f-4482-a832-67eebea56593,"Всесоюз. изд. центр ""Книголюб""",Horizontal non-volatile matrices,1976,kristi92@young-mcintosh.com,+7 (972) 763-34-99
333699d9-86ad-4556-927b-5a0b17d9294e,Metamorphoses,De-engineered asynchronous archive,1890,hernandezrachel@bishop.com,+7 (920) 645-18-35
8f8e1cd5-ad82-4a38-9bf6-791638f885f3,Сабчота Сакартвело,Balanced intermediate time-frame,2001,pjohnson@smith.biz,+7 (912) 632-51-75
1d304008-b87e-4a47-b842-6d6f9e092627,Типо-лит. т-ва И.Н. Кушнерев и К`,Devolved motivating Internet solution,1864,heather12@guerrero.com,+7 (909) 901-87-91
c75cd7ec-706b-4565-ac7c-f95ee93daa0a,Изд-во писателей в Ленинграде,Grass-roots multi-tasking focus group,2022,watkinsclayton@henry-wilson.biz,+7 (953) 272-40-67
2c0afa04-2c9b-4db6-9272-981f3cbdf68b,ил. и портр.,Business-focused next generation database,1885,taylorgillespie@rodriguez.com,+7 (951) 639-80-28
c65ccb1c-01aa-472f-bb67-9cc8f16950a8,Паритет,Versatile high-level open architecture,1920,danielle02@kelley-wiley.net,+7 (990) 527-21-34
270e7704-12cb-48c4-b91f-a0c044ef8b6a,Mitteldeutscher,Diverse needs-based data-warehouse,1980,melinda48@craig-crawford.com,+7 (929) 874-10-20
c8d22854-9890-40f0-90c2-d4f1cbf29083,Радуга,Down-sized client-server hardware,1922,eking@frye.com,+7 (948) 282-10-34
503be1f2-d22e-4500-b5e0-5c9d05bbbc80,Methuen Paperbacks,Persevering incremental benchmark,2020,benjamin14@bright-anderson.org,+7 (943) 595-69-63
2d68b51b-d6aa-419c-9715-90ef5a50d606,Советский писатель,Streamlined logistical process improvement,1952,allisonmoore@freeman.com,+7 (954) 715-42-55
cfd2bd58-afe1-44eb-992b-199a2fa54589,Allen Lane the Penguin Press,Centralized executive moderator,1880,kristen63@griffin.com,+7 (906) 710-55-98
5c10e5f1-9437-4b91-8e3f-be4903a8e90c,Художественная литература,Progressive tangible ability,1865,petermurray@ford.com,+7 (969) 680-87-19
df12548c-72d3-40b7-88de-dd24695b44dd,Союз писателей Санкт-Петербурга,Progressive 5thgeneration neural-net,2013,brent99@nielsen.net,+7 (940) 802-56-16
e95620c2-5e32-48df-b1da-aac37a73f36a,"НФ ""Пушкинская библиотека""",Integrated value-added instruction set,1959,rhodesanthony@watson-thompson.net,+7 (968) 444-34-83
577748e9-5f8a-49df-accf-ca1e95744475,Ардис/Art Dictation Studio,Open-architected mobile definition,1941,april63@charles.com,+7 (937) 884-30-77
af945c64-7880-40e0-94a2-dc837dee9e6c,"Gustav Weise,",Cross-group responsive monitoring,1866,abigail94@gregory.com,+7 (912) 692-26-22
b393713d-ff37-4fac-9f2d-7d3c178eaa61,Houghton Mifflin company,Cross-platform upward-trending implementation,1937,greermatthew@arroyo-richards.biz,+7 (917) 925-26-72
fb12df8a-cecd-43c8-ab4e-e175c0e5f70b,Украiна,Reduced mission-critical toolset,2013,jbaker@sellers.info,+7 (911) 467-14-44
b2c29bd8-4c5b-4e32-93b9-5b3769f81586,Художеств. лит.,Exclusive motivating system engine,1949,rsmith@cox.org,+7 (954) 316-55-29
d0289f44-0f91-42cd-95e7-08a0f8357a09,Детская литература,Inverse tertiary Internet solution,1907,madisonpineda@sanders.net,+7 (994) 138-99-50
400b0133-b8ed-4808-acc8-38a18215929f,Смарт,Self-enabling zero-defect success,1969,howardnancy@cooper.com,+7 (919) 815-89-89
4f068309-79b4-4117-9677-304a2f4d2f6d,Наука. Главная редакция восточной литературы,Customizable bandwidth-monitored success,1965,michaeldelgado@cooke.com,+7 (997) 424-82-98
ed975c77-d345-4a42-88c9-3972ec44c490,Guizhou University Press,Exclusive global firmware,1997,rpowell@king.com,+7 (909) 484-11-33
ee265471-a342-4c90-b5fe-2752c1829f3b,Амфора,Multi-layered reciprocal forecast,1918,aliciawatson@fowler.net,+7 (948) 987-39-31
4065af14-1502-4de1-ab43-62cc00c62990,Азбука-классика,Persevering maximized circuit,1945,bryan48@brown.net,+7 (911) 874-70-24
ca1a7ba9-7c33-4027-8467-6c914fe31143,Picador,Profit-focused multi-state capacity,1922,nwashington@hayden.com,+7 (935) 886-19-29
f81a88ed-0892-4bb9-a848-d8496740e809,Художественная литература. Ленинградское отделение,Object-based scalable pricing structure,1926,annacollins@williams-ramirez.biz,+7 (989) 635-92-55
cf87642d-d55b-40b5-96a5-814c705d1efd,Labels / Parlophone,Grass-roots encompassing service-desk,1858,keith44@riddle.com,+7 (917) 846-59-90
f9530543-993a-49c2-8cae-10f0db5246cd,Universal Music,Grass-roots discrete budgetary management,1896,katieward@silva.info,+7 (988) 306-28-69
97a2672e-c326-4d62-aa61-5b3071b1cf85,Concord Records,Multi-channeled bandwidth-monitored challenge,1943,lchavez@pineda.org,+7 (980) 309-21-13
e69e8df5-6bca-4811-992b-537906a6339e,Polydor UK,Cross-platform grid-enabled secured line,1986,mackjackson@lambert.net,+7 (938) 237-79-42
a4fba785-d166-4206-b61f-8969adb8daf4,Verve Records,Phased secondary algorithm,2005,martinezmatthew@lara-white.com,+7 (987) 901-95-16
68503b91-34f9-4bcc-a8b3-dc322be75678,Gary Tatintsian GalleryМосква,Optional 24hour paradigm,1873,rebeccawalker@smith.biz,+7 (901) 658-36-33
6e688c53-8fb9-4221-922b-8f62da889625,"Бюро пропаганды советского киноискусства Союза кинематографистов СССР, 1981",Polarized systematic functionalities,1995,charleshale@cordova.com,+7 (995) 137-34-74
3cdc53e4-bfc7-4627-a024-cf518401247a,Музей Москвы [и др.],Optimized 5thgeneration support,1954,perryrose@hall.com,+7 (966) 915-90-16
03d8b81b-8f4f-4118-9d50-324c78b0136e,КРИГА,Compatible optimizing alliance,1981,jeremyhill@hernandez.com,+7 (953) 579-11-95
b27ce1d0-6a68-47d0-84f5-bee6f26c4596,Искусство-XXI век,Optional interactive monitoring,1853,smithdana@woodard.info,+7 (983) 411-83-71
726fff08-2ff5-4bb1-b0cb-ffe488525d7a,Институт проблем современного искусства,Visionary composite software,1926,gilbertcameron@skinner-shelton.biz,+7 (953) 497-34-51
6f3c9bf8-02fa-4777-a938-fbfd1f8e7da3,АРТ-РОДНИК,Focused bottom-line neural-net,2020,jsimmons@harmon.com,+7 (925) 895-63-31
83977387-9fcd-4dee-939c-3d78abfbd71d,Taschen,Polarized even-keeled access,1884,whoffman@gamble-heath.com,+7 (957) 995-22-43
a24e86ba-68ba-4ef2-82c8-93f38ec3bf92,Аврора,Pre-emptive secondary structure,1867,rmckinney@guzman.com,+7 (929) 854-49-19
0c8de3ee-0306-46c1-b7f5-403da67ea1e4,Экологическая палата России,Decentralized multimedia ability,1967,cjohnson@hernandez-joseph.com,+7 (976) 251-41-53
f348a8a4-9a46-4afc-889a-1dfe0bf0d638,СЛОВО/SLOVO,Versatile exuding function,1903,christie31@reed-smith.com,+7 (967) 678-75-11
a9cb17a2-2d23-4ef9-b2c1-dd87ef986578,Guinness Publishing,Polarized intangible neural-net,1972,dan39@osborne-strickland.com,+7 (913) 800-32-72
54c2ea6f-327d-444b-950c-c1b93e0bbfca,Aura Art,Reverse-engineered scalable instruction set,1928,sbrown@meza-smith.biz,+7 (965) 232-50-82
2e6ee25a-c8a6-4f02-b31d-91e630c8a5db,Massin,Sharable optimal hardware,1982,bryantamber@thompson.com,+7 (939) 888-35-84
f16af1f9-ec22-4681-92e4-c24957d7b42d,Georg D.W. Callwey,Synergized cohesive software,1857,baileymitchell@finley.com,+7 (988) 347-70-21
9613211f-118b-4a65-8faa-286b7c8abb47,CH. Massin,Configurable system-worthy framework,1895,pgutierrez@guerrero.com,+7 (919) 376-48-97
c2664662-38c8-429b-8949-2c75998928ef,Инсофт,Synergized human-resource capability,1915,andersonmelissa@johnson.com,+7 (964) 768-95-78
cc5d1d3e-4d26-47c1-bef5-86ca724cc04e,Seuil,Persevering fresh-thinking focus group,1991,charles28@grant-robinson.com,+7 (995) 619-38-83
593cbf49-95b4-42ec-b005-4f41f6f66c40,Media 2000,Seamless leadingedge middleware,1902,whitejohn@good-hubbard.org,+7 (971) 851-60-77
bb70f0b3-e2a6-402e-9e9b-0b4824df61b5,Verlag der Kunst,Fundamental mission-critical flexibility,1881,uking@wall.com,+7 (904) 172-48-34
6dcac437-5631-4e43-82b3-c5584b9e2bd4,University of California Press,Grass-roots stable budgetary management,1873,mccartyphilip@brennan-mason.biz,+7 (959) 401-34-98
fb56d323-1e35-489c-a285-bf702306c80c,Фонд содействия современному искусству Марата Гельмана,Configurable optimal capability,1943,cameronallen@martin.biz,+7 (956) 221-68-24
05f9b689-0742-4dae-95d5-ff0810beed1f,Прайм-ЕВРОЗНАК,Phased contextually-based Local Area Network,1879,khowe@brooks.biz,+7 (902) 166-38-45
276ac83f-f2e3-4fb4-b11f-4ce40958e081,"Галерея ""Триумф""",Intuitive tangible service-desk,1850,stanleymark@oliver.com,+7 (932) 515-70-70
d07a1722-1a63-49f9-8629-d5501123f2a3,Opal Ltd,Distributed client-server utilization,1963,kennethfoster@lewis.com,+7 (976) 745-47-44
397a2c7d-0631-411b-a0a0-65ef0275d9be,Parlophone Records,Synergized global workforce,1997,andersoncatherine@wagner-flores.com,+7 (921) 937-91-21
32a138bd-8c0e-42e2-abf4-a17cb9f377d2,Б.и.,Object-based systematic project,1994,garciastephanie@russell-johnson.info,+7 (953) 241-78-41
6577581a-7b7f-41fb-8bf1-0a24be1aae3e,Московская государственная консерватория им. П.И. Чайковского,Down-sized object-oriented encryption,1959,barnesamanda@robinson-williams.com,+7 (962) 641-69-87
a9159994-1db8-4ed8-8815-cac1b7bcb5af,Eterna,Secured asynchronous support,1881,gestes@ortiz.com,+7 (991) 275-68-37
c059e575-7644-4a01-8841-69e0d8fe8c30,Союз художников,Upgradable directional collaboration,1894,xmartin@singleton.com,+7 (955) 892-23-61
8bead938-c176-4acc-9895-8cb7fb39e357,Музыка,Organic 5thgeneration flexibility,1914,imiller@garcia-king.com,+7 (907) 184-49-38
9274b1cf-caf3-4a36-bbfc-dcf945696a9a,Планета,Profound analyzing access,1986,wvega@nelson-chaney.biz,+7 (901) 567-37-49
3894c97b-3d64-4bd7-9574-6409bd636a31,Татарское книжное издательство,Object-based actuating model,1974,kdaniels@kirby.com,+7 (972) 699-25-73
e86302c1-ddd9-4e33-aecf-1dcefa048bde,Планета музыки,Focused methodical product,1908,dianacombs@pearson-eaton.com,+7 (990) 835-40-77
7fb8dca0-875c-4b40-bb1c-f3e0346e9494,Гиперион,Visionary web-enabled migration,1893,phillip96@bell-ramos.com,+7 (940) 441-74-83
6b77f948-5e76-4242-8c33-5f65ff76759e,РГГУ,Triple-buffered neutral initiative,1856,tanya56@brown.com,+7 (997) 174-56-19
c15e6e65-8c14-4770-bc37-91f1a1203484,Наталис,Networked national open architecture,1974,oneillashley@rodriguez.net,+7 (924) 653-36-21
b4d56be3-fa3e-4ab8-8310-219e6c453ee5,FreeFly,Upgradable content-based artificial intelligence,1982,jillianray@kidd.com,+7 (959) 123-77-89
9d5a8cc3-a3fd-4ce0-96ab-c293225c026c,"[Искусство, Ленинградское отделение]",Sharable mobile help-desk,2001,shawnroberts@weber.com,+7 (946) 491-98-42
97e262a3-eb90-4078-8a5f-edc71c39b62f,Художник РСФСР,Multi-layered systematic database,1894,angela68@moore.com,+7 (971) 448-19-43
3bf77c54-cd7f-4d35-a449-81b669849b0b,"ООО ""Международная издательская компания ""Шанс""",Visionary web-enabled structure,1857,meadowsandrew@poole-newton.com,+7 (923) 625-78-26
0207c69f-485c-4b76-bae1-169503cc52fa,Прогресс-Традиция,Exclusive system-worthy flexibility,1957,ayalajeremy@rodriguez-jones.info,+7 (924) 859-69-28
f0070aa5-e491-4413-8c31-3e6a93f88709,Балтийские сезоны,Switchable clear-thinking synergy,1996,anthony70@gonzales.info,+7 (954) 108-35-53
47d87da7-5c75-420a-86d8-dc72eebbb6d9,ВЛАДОС,Fundamental homogeneous project,1989,careymegan@gonzalez-love.com,+7 (982) 567-88-79
6ffb4f22-3b8b-431f-b024-f43fa672e218,Всероссийское театральное общество (ВТО),Progressive empowering conglomeration,2000,ryan41@lambert-ramsey.com,+7 (918) 444-68-45
ea0ba7b3-f472-4931-8814-d009fb0b8983,Искусство. Ленинградское отделение,Customizable impactful hierarchy,1901,cohennatasha@larson.com,+7 (909) 590-94-68
ed429adc-3b9c-4539-b4ef-16c035d3a499,Resebud Publishing,Enterprise-wide tangible concept,1968,sphelps@mercado.net,+7 (912) 727-12-83
65f27a19-6536-4737-abe4-d9af60e50d71,Б. и.,Implemented global adapter,2012,dean93@cross.net,+7 (983) 789-56-40
f96ea342-3bef-4913-80cf-8d7701f818df,"Whitman Publishing, LLC",De-engineered explicit parallelism,1863,benjamin66@elliott-thomas.info,+7 (951) 246-92-39
9e4dfeb3-797f-4dad-911f-29cc5bfce4a4,Headline,Enhanced regional access,1910,derrickkeith@diaz-robinson.com,+7 (945) 130-32-32
fa88e087-ed94-45cc-8d3f-5ef921e42ed5,Abrams Image,Fundamental impactful middleware,2009,ujones@cordova-jones.com,+7 (940) 392-53-84
3f5bc5a9-b764-4936-8a3e-bf68d17608bc,HarperCollinsPublishers,Robust reciprocal architecture,1896,jessicamunoz@gonzales.com,+7 (972) 957-26-42
1a385f1a-31a7-4dbc-af49-2b6528a6662e,Лазер-Видео Мультимедиа,Synchronized intangible interface,1957,andrea64@gross-dunn.info,+7 (906) 993-24-70
e61c225c-189e-4b57-9bac-29dc6693f127,Vista communications,Networked holistic conglomeration,2021,jared04@walker.net,+7 (962) 310-30-50
4f18ce99-cf8f-419e-a66c-93eef3fefb10,Союз театральных деятелей РСФСР,Cross-platform encompassing info-mediaries,1880,frederickhenry@nguyen.com,+7 (985) 668-48-30
734196de-e7f8-463a-a04d-8beefbad0b01,Звуковая книга,Intuitive interactive capability,2003,john21@lopez.com,+7 (916) 142-76-79
204c1765-afb8-42e9-ad8c-145a419a7733,Yamuna Shankar at Indraprastha Press,Up-sized intermediate flexibility,2015,qwhite@kemp.com,+7 (993) 542-68-54
77b83861-7fd7-40c0-93b9-e0122dc9895f,Сфера,Multi-lateral holistic knowledgebase,1886,xmccoy@lopez.com,+7 (931) 609-83-92
9156b806-0f9f-4e59-a0c8-461d1334219c,АРДИС/Art Dictation Studio,Monitored client-driven forecast,1963,drakeanthony@nguyen.net,+7 (983) 945-93-27
30bd9f40-0100-4130-8409-5c3c0c920b97,Паломник,Synergized national database,2013,meredith45@barnett.biz,+7 (902) 770-95-78
3e2ab383-8774-4e57-9953-70171ec2c72f,Издательство NUR-BOOK,User-friendly modular adapter,1980,scottjohnson@goodwin-fitzpatrick.net,+7 (910) 988-14-10
97c7a55e-81fd-4716-a8f1-32900f702fde,Раритет,Synergistic attitude-oriented hierarchy,2012,cheyenne61@henderson.org,+7 (926) 784-71-15
419b6844-fc46-4457-b3f9-0a51115ed089,"РОО ""РООССА""",Synchronized composite matrices,2018,lisalam@stone-wallace.org,+7 (972) 785-84-68
fc8807ab-079e-4eae-a064-85f164f0d3e8,Русский диск,Assimilated dynamic encryption,1947,ramoserika@harris.info,+7 (982) 130-61-52
b3f3a6b7-1e4f-4bb6-881e-fc5b36f5f412,В типографии единоверцев,Enterprise-wide reciprocal open system,1918,jpage@short.net,+7 (992) 134-78-39
30e5fe15-049f-4b23-9bce-7f4f20b06d65,Лира,Business-focused demand-driven task-force,1858,trevorbrown@nguyen.com,+7 (981) 440-40-61
4383dce6-150c-4124-99bc-74fc1e22dfad,Bluebird,Synergized leadingedge complexity,2014,gwelch@lawson.com,+7 (929) 861-90-80
3fc8335d-75a7-4bfa-b753-57dc2c0a63f9,C.H.Beck,Assimilated discrete alliance,1890,williamsrebecca@miller.com,+7 (968) 974-77-43
38bf27af-1b9d-4144-8f4f-ef74448b02f5,"МГП ""Малоярославецкая типография""",Customer-focused 24hour capacity,1937,garciasheila@barnes-conner.com,+7 (918) 605-91-30
1a097873-93a0-4f89-86cc-028042705ee2,"Издательская группа ""Весь""",Diverse 24hour installation,2012,christinacastro@wright.com,+7 (971) 671-64-55
ab13c5c5-29ae-4f38-aea6-efe79caf8f46,АВВАЛЛОН,Persevering non-volatile hardware,1911,odavis@mcdonald-barr.com,+7 (957) 738-31-70
d4798e85-dc24-490b-948c-196c132a7208,Marc Europe,Enterprise-wide radical framework,1883,myersscott@todd.info,+7 (920) 216-36-29
66c37334-03e3-4611-bfb3-2842164e7216,ЭКСМО-ПРЕСС,Devolved motivating secured line,1953,barkerholly@wilson.biz,+7 (990) 118-78-88
2a650b0f-8e14-4fc3-a520-b3cb8e32d173,Мифрил,Organic optimal artificial intelligence,2021,dreed@johnson-roberts.info,+7 (925) 422-59-51
852b997a-aafa-44b8-bfff-b2a3afed398d,Спикс,Enterprise-wide background intranet,1889,kelsey68@webster-hoover.biz,+7 (950) 939-26-50
87c2a2f9-2be2-4b05-aff8-bf7803f3c8f4,"ЗАО ""Сварог и К""",Future-proofed multimedia hub,1948,nicholaspeterson@higgins.biz,+7 (946) 600-22-83
04589e32-3b4c-4f50-807b-3b49724136a2,Госполитиздат,Face-to-face reciprocal circuit,1915,turneralexander@garcia.com,+7 (905) 251-99-91
f8fe7c27-7848-4297-a9e2-6fc6a74bfe70,Ад Маргинем,Customizable multimedia initiative,2020,bergeric@cardenas-keller.info,+7 (934) 482-95-37
69b624ab-6398-47e8-95f9-60c1552de89b,Урал Л. Т. Д.,Assimilated mobile artificial intelligence,1910,padillageorge@miller-berry.com,+7 (928) 767-10-13
83fc6b86-8763-4ee0-8ac5-1e9f32e6fd02,УлГТУ,Automated actuating challenge,1951,shawn97@curry.biz,+7 (909) 135-98-27
0bdec59b-1df8-4cef-938e-5e2c19b558ba,"НПО ""МОДЭК""",Distributed 24hour protocol,1950,xsullivan@wood.com,+7 (978) 132-19-50
19fbc0d3-2f70-4e34-b839-900b54b1f4fc,БАХРАХ,Multi-tiered high-level encryption,1906,willisdana@thomas.com,+7 (925) 547-96-14
71383ffd-6e4c-4821-b4ed-26add28cdca3,Tavistock,Horizontal executive strategy,1941,collinssamantha@huff-hall.com,+7 (957) 727-27-43
816660d1-d52f-45f9-86a1-f0f0081b1afc,"Издательский дом ""Интеллектуальная Собственность""",Re-engineered intangible policy,1913,garyweiss@pena.biz,+7 (955) 250-17-31
cf5590fd-9b3f-4fba-9679-3a481f132892,б/и,Organized next generation architecture,1875,williamrichmond@rojas-boyer.org,+7 (914) 584-91-45
cca2042d-9135-4237-b12b-31ad4cd4ebf2,Российская государственная библиотека,Cross-group fault-tolerant moderator,1956,hensonjohn@johnson.org,+7 (982) 348-31-17
d812dc75-6b9a-4ea8-8d1f-9786e8b126be,Российская государственная библиотека для молодежи,Visionary bifurcated knowledge user,1956,timothychristian@huffman.com,+7 (997) 334-58-11
b3b4fee1-b989-484a-94f1-515795cf1a33,Либерея-Бибинформ,Adaptive system-worthy pricing structure,2008,diana69@thompson.com,+7 (949) 655-40-36
e1e7dd50-afda-4d8a-b336-5ba5a57d3ece,РГЮБ,Programmable tangible data-warehouse,1962,vmays@meyer.com,+7 (985) 866-31-19
71ff2d59-68ed-44f7-8431-554ee379a26d,Российская государственная юношеская библиотека,Object-based 4thgeneration solution,1941,vjones@powers.net,+7 (947) 949-40-13
0eb943d3-41da-412b-b153-b4bec488c9f6,Рос. гос. юнош. б-ка,Realigned radical middleware,1873,smithchristina@estrada.com,+7 (950) 349-94-57
2bdefbf5-564d-46d2-b2b8-1d757ed0fd32,Bruder Grimm-Museum,Virtual coherent customer loyalty,1874,edwardscandace@allen-wright.com,+7 (912) 669-85-35
498fd779-5d39-4bd4-bca0-e5a440c5ee57,Энциклопедия,Enterprise-wide even-keeled application,2005,ewood@kim.com,+7 (975) 686-35-21
e0ccbcfa-941b-4544-8623-216c4a4bc5ac,"Изд. центр ""Терра""",Public-key systemic system engine,1944,ashley28@jackson-murphy.com,+7 (968) 174-42-22
aaeb7150-bb94-4d37-92d3-6001fad52361,Дашков и K`,Streamlined intangible moratorium,2012,loricollier@perry.biz,+7 (982) 723-61-67
c36fbedf-f0e1-44dc-b7a9-21ac14422f35,Лайвбук,Team-oriented zero tolerance productivity,1961,fhoward@carpenter-nguyen.com,+7 (963) 220-85-33
